Dataset,Sample_ID,Control_Absolute_Error,Adapted_Absolute_Error,Absolute_Error_Reduction,Adapted_Improved
Train,randomness_0.6707,0.004791065,0.0054791095,-0.00068804435,False
Train,randomness_0.5055,0.0035017077,0.003121078,0.00038062967,True
Train,randomness_0.6126,0.0009898618,2.410449e-05,0.0009657573,True
Train,randomness_0.4374,0.0038575977,0.0032893606,0.00056823716,True
Train,randomness_0.9960,0.00042140484,6.187521e-05,0.00035952963,True
Train,randomness_0.3193,0.0015466623,0.0011249147,0.00042174757,True
Train,randomness_0.7698,0.0019233143,0.0011666454,0.00075666886,True
Train,randomness_0.2943,0.00038576126,0.00068990514,-0.00030414388,False
Train,randomness_0.8458,0.0019415924,0.00092271157,0.0010188809,True
Train,randomness_0.2823,0.0017419979,0.0014968179,0.00024517998,True
Train,randomness_0.9750,0.0022521077,0.0031620192,-0.00090991147,False
Train,randomness_0.8949,0.002051406,0.001290136,0.00076127006,True
Train,randomness_0.8749,0.0045925807,0.0040447554,0.00054782536,True
Train,randomness_0.5816,0.002023939,0.0024745744,-0.00045063533,False
Train,randomness_0.9349,0.0018311514,0.0011190064,0.000712145,True
Train,randomness_0.5656,0.0043290425,0.0034941677,0.0008348748,True
Train,randomness_0.9079,0.00026076473,0.00076645054,-0.0005056858,False
Train,randomness_0.9860,0.0040285345,0.0035694577,0.00045907684,True
Train,randomness_0.1702,0.00521297,0.0051412247,7.1745366e-05,True
Train,randomness_0.9920,0.0014113635,0.0019202138,-0.0005088503,False
Train,randomness_0.4254,0.0005281009,0.0011937171,-0.00066561624,False
Train,randomness_0.3914,0.0014708005,0.001136031,0.0003347695,True
Train,randomness_0.3013,0.001063887,0.001419872,-0.00035598502,False
Train,randomness_0.5405,0.0012062341,0.001996046,-0.00078981183,False
Train,randomness_0.8839,0.001124151,0.0015647637,-0.00044061267,False
Train,randomness_0.1491,0.0002255477,0.0002757907,-5.024299e-05,False
Train,randomness_0.3614,0.00081078336,0.0011940636,-0.00038328022,False
Train,randomness_0.9299,0.0024890336,0.001916084,0.00057294965,True
Train,randomness_0.5285,0.000113058835,0.0007939618,-0.000680903,False
Train,randomness_0.2252,0.00071565434,0.0005986579,0.00011699647,True
Train,randomness_0.6827,0.0050990535,0.004353457,0.00074559636,True
Train,randomness_0.8438,0.0033731973,0.0027659815,0.0006072158,True
Train,randomness_0.4635,0.0011764467,0.00075535476,0.0004210919,True
Train,randomness_0.1331,0.003964372,0.004120901,-0.00015652925,False
Train,randomness_0.8899,0.0025644137,0.0029496646,-0.0003852509,False
Train,randomness_0.3884,0.0023781285,0.001729928,0.0006482005,True
Train,randomness_0.7037,0.003818687,0.0031152908,0.0007033963,True
Train,randomness_0.9580,0.001323028,0.002140854,-0.000817826,False
Train,randomness_0.5866,0.0077328477,0.008378904,-0.0006460566,False
Train,randomness_0.3303,0.005000379,0.004674617,0.00032576174,True
Train,randomness_0.3463,0.0015193522,0.0017684437,-0.00024909154,False
Train,randomness_0.1151,0.0026669279,0.0025411807,0.00012574717,True
Train,randomness_0.7578,0.0061319005,0.0071100257,-0.0009781253,False
Train,randomness_0.4074,0.0025411285,0.0020561926,0.00048493594,True
Train,randomness_0.8098,0.0014859233,0.001085897,0.00040002633,True
Train,randomness_0.3714,0.0052112676,0.0046753846,0.000535883,True
Train,randomness_0.9950,0.0009249635,0.0002833549,0.0006416086,True
Train,randomness_0.2543,0.0018493384,0.0016841218,0.00016521662,True
Train,randomness_0.6136,0.0045335647,0.0051831864,-0.0006496217,False
Train,randomness_0.0861,0.00022388622,0.00043261424,-0.00020872802,False
Train,randomness_0.0841,0.0023628958,0.0026398338,-0.00027693808,False
Train,randomness_0.7738,0.0063501466,0.0054716785,0.00087846816,True
Train,randomness_0.5045,0.0013776049,0.00087170675,0.00050589815,True
Train,randomness_0.6186,0.0028245095,0.003619168,-0.00079465844,False
Train,randomness_0.5305,0.0040864293,0.0034196153,0.0006668139,True
Train,randomness_0.1852,0.0038202144,0.003730189,9.0025365e-05,True
Train,randomness_0.1471,0.001681611,0.0015345477,0.00014706329,True
Train,randomness_0.5125,7.593632e-05,0.000560984,-0.0004850477,False
Train,randomness_0.4114,0.003799731,0.0034089964,0.00039073452,True
Train,randomness_0.1532,0.0008560382,0.0008254461,3.0592084e-05,True
Train,randomness_0.4204,6.4872205e-05,0.00037693605,-0.00031206384,False
Train,randomness_0.7497,0.0031531868,0.0037390846,-0.0005858978,False
Train,randomness_0.7938,0.007125075,0.0062066177,0.0009184573,True
Train,randomness_0.4605,0.00022751465,0.00034516305,-0.00011764839,False
Train,randomness_0.5876,0.0010876413,0.0018033013,-0.00071565993,False
Train,randomness_0.5646,0.0029937383,0.0026851855,0.00030855276,True
Train,randomness_0.0160,0.001168415,0.0006174557,0.00055095926,True
Train,randomness_0.1201,0.0031988919,0.002944868,0.00025402382,True
Train,randomness_0.8348,0.0016736556,0.0009740284,0.0006996272,True
Train,randomness_0.5626,0.0025834218,0.0018651728,0.000718249,True
Train,randomness_0.4224,0.0018189624,0.0022188108,-0.00039984845,False
Train,randomness_0.4675,0.0022909194,0.0016057938,0.0006851256,True
Train,randomness_0.1712,0.00027162582,0.00032581761,-5.4191798e-05,False
Train,randomness_0.5445,0.001497006,0.0010561775,0.0004408285,True
Train,randomness_0.6767,0.0044104178,0.0051762667,-0.0007658489,False
Train,randomness_0.9980,0.00073599257,0.00014618969,0.00058980286,True
Train,randomness_0.6787,0.0040741274,0.0032039564,0.000870171,True
Train,randomness_0.8799,0.002312168,0.0028430563,-0.0005308883,False
Train,randomness_0.0741,0.00011539832,0.00033445284,-0.00021905452,False
Train,randomness_0.1552,0.0017518848,0.0017342567,1.7628074e-05,True
Train,randomness_0.0280,0.00039857626,0.00063705444,-0.00023847818,False
Train,randomness_0.4334,0.0006466191,0.00022890605,0.00041771308,True
Train,randomness_0.3403,0.00022151321,0.00033044815,-0.00010893494,False
Train,randomness_0.7788,0.0033911862,0.002783548,0.00060763815,True
Train,randomness_0.4034,0.0023828112,0.0017000996,0.0006827116,True
Train,randomness_0.6917,0.0034339512,0.004052774,-0.0006188229,False
Train,randomness_0.1952,0.0013835281,0.0014778264,-9.429827e-05,False
Train,randomness_0.3874,5.595386e-05,0.0004042033,-0.00034824945,False
Train,randomness_0.4154,0.0035705157,0.0028544106,0.0007161051,True
Train,randomness_0.0791,0.0009736307,0.0011662841,-0.00019265339,False
Train,randomness_0.1211,0.0022259168,0.0020931214,0.00013279542,True
Train,randomness_0.5175,0.002811417,0.002244886,0.000566531,True
Train,randomness_0.6997,0.0008223541,0.00026480854,0.0005575456,True
Train,randomness_0.9510,0.0034251288,0.0027060716,0.00071905716,True
Train,randomness_0.4685,0.0030543413,0.0038236082,-0.00076926686,False
Train,randomness_0.1522,0.0013899244,0.0013831891,6.735325e-06,True
Train,randomness_0.7297,0.0011528824,0.00032993127,0.0008229511,True
Train,randomness_0.4755,0.0019676238,0.0015782584,0.00038936548,True
Train,randomness_0.9630,0.0019145464,0.0021704766,-0.00025593024,False
Train,randomness_0.5265,0.004638521,0.004074402,0.00056411885,True
Train,randomness_0.8879,0.0007550018,0.001528522,-0.0007735202,False
Train,randomness_0.6697,0.004452545,0.0034411494,0.0010113958,True
Train,randomness_0.7978,0.0013689371,0.0007428201,0.000626117,True
Train,randomness_0.3824,0.006397918,0.0058568865,0.00054103136,True
Train,randomness_0.8148,0.0022929925,0.0015279362,0.00076505635,True
Train,randomness_0.6396,0.0022248756,0.0015892666,0.00063560903,True
Train,randomness_0.4575,0.0013135988,0.00074016117,0.00057343766,True
Train,randomness_0.8689,0.0013277791,0.00060820393,0.0007195752,True
Train,randomness_0.9459,0.0015332289,0.0023574298,-0.0008242009,False
Train,randomness_0.8188,0.0022258703,0.0018076915,0.00041817874,True
Train,randomness_0.4945,0.00083006173,0.0015526749,-0.0007226132,False
Train,randomness_0.6006,0.0040569454,0.0032280423,0.00082890317,True
Train,randomness_0.4655,0.0044735745,0.0039778315,0.000495743,True
Train,randomness_0.8308,0.0025993334,0.0019410308,0.00065830257,True
Train,randomness_0.5826,0.0023536514,0.0017076991,0.0006459523,True
Train,randomness_0.5095,0.0004327949,0.00020684674,0.00022594817,True
Train,randomness_0.5736,0.0035385722,0.0039081415,-0.0003695693,False
Train,randomness_0.3894,0.0018103756,0.0015205126,0.00028986298,True
Train,randomness_0.0230,0.003001731,0.0035457239,-0.00054399297,False
Train,randomness_0.5516,0.0004949365,0.0012813043,-0.0007863678,False
Train,randomness_0.2442,0.0010939427,0.00088297576,0.00021096691,True
Train,randomness_0.4515,0.0007789228,0.001417648,-0.00063872524,False
Train,randomness_0.5295,0.0021469723,0.002772456,-0.0006254837,False
Train,randomness_0.1762,0.00112563,0.0010195114,0.00010611862,True
Train,randomness_0.2893,0.0044400226,0.004652595,-0.00021257252,False
Train,randomness_0.7137,0.0007085446,0.0013418021,-0.00063325744,False
Train,randomness_0.6286,0.0003596861,0.0009516347,-0.0005919486,False
Train,randomness_0.9159,0.004305105,0.003686869,0.00061823614,True
Train,randomness_0.4805,0.0020735674,0.002899196,-0.00082562864,False
Train,randomness_0.3974,0.0013582595,0.0008023977,0.00055586174,True
Train,randomness_0.5165,0.00012004562,0.00044935197,-0.00032930635,False
Train,randomness_0.9790,0.00065400824,7.649511e-05,0.0005775131,True
Train,randomness_0.4184,0.0043023415,0.0037770532,0.0005252883,True
Train,randomness_0.0030,0.0015508197,0.0019014999,-0.0003506802,False
Train,randomness_0.3504,0.0018550493,0.0023407303,-0.000485681,False
Train,randomness_0.6076,0.00045130402,0.00016100332,0.0002903007,True
Train,randomness_0.5996,0.0017349645,0.0022246316,-0.00048966706,False
Train,randomness_0.3624,0.0047120117,0.0043851733,0.00032683834,True
Train,randomness_0.2472,0.0023232698,0.0020733848,0.00024988502,True
Train,randomness_0.6216,0.006260439,0.0068092747,-0.00054883584,False
Train,randomness_0.9369,0.0027241204,0.0018284079,0.0008957125,True
Train,randomness_0.6677,0.0009180363,0.0018685572,-0.00095052086,False
Train,randomness_0.4314,0.0002608411,0.00029301643,-3.2175332e-05,False
Train,randomness_0.5325,0.0016939621,0.001291031,0.00040293112,True
Train,randomness_0.4024,0.00014823675,0.00055938587,-0.0004111491,False
Train,randomness_0.5365,0.0037614293,0.004055461,-0.00029403158,False
Train,randomness_0.6266,0.0060134716,0.0054089613,0.0006045103,True
Train,randomness_0.5085,0.00044570304,0.00082899816,-0.00038329512,False
Train,randomness_0.9940,0.0016796291,0.0010143574,0.00066527165,True
Train,randomness_0.4595,0.0052305087,0.004811628,0.00041888095,True
Train,randomness_0.6857,0.0027915724,0.0019471087,0.0008444637,True
Train,randomness_0.7558,0.004802323,0.004328195,0.00047412794,True
Train,randomness_0.7598,5.8774836e-05,0.00062520057,-0.00056642573,False
Train,randomness_0.3033,0.0003594719,3.9741397e-05,0.0003197305,True
Train,randomness_0.9289,0.0031425229,0.004080437,-0.00093791424,False
Train,randomness_0.1502,0.007907497,0.007789051,0.000118445605,True
Train,randomness_0.2362,0.00098335,0.0010763556,-9.30056e-05,False
Train,randomness_0.3554,0.0006952733,0.0014163367,-0.00072106346,False
Train,randomness_0.6947,0.001681203,0.0013725255,0.00030867755,True
Train,randomness_0.9429,0.00089313556,0.0014311206,-0.000537985,False
Train,randomness_0.4825,0.006712375,0.0071874503,-0.0004750751,False
Train,randomness_0.5836,0.0033073034,0.0027843174,0.00052298605,True
Train,randomness_0.2122,0.0022886433,0.0021789484,0.0001096949,True
Train,randomness_0.5686,0.0010430738,0.00043582357,0.00060725026,True
Train,randomness_0.6486,0.0018661153,0.001348909,0.00051720627,True
Train,randomness_0.6066,0.0042745136,0.005112907,-0.00083839335,False
Train,randomness_0.7538,0.00031344965,0.0009682942,-0.00065484457,False
Train,randomness_0.7387,0.0012833923,0.00090526603,0.00037812628,True
Train,randomness_0.8529,0.0024504801,0.0029658098,-0.00051532965,False
Train,randomness_0.3774,0.0016672276,0.0010865368,0.0005806908,True
Train,randomness_0.7878,0.002279874,0.0026871916,-0.00040731765,False
Train,randomness_0.8058,0.0021825992,0.0017443737,0.00043822546,True
Train,randomness_0.3934,0.0011110716,0.0017508306,-0.000639759,False
Train,randomness_0.2613,0.0018562935,0.0015279502,0.00032834336,True
Train,randomness_0.9640,0.001348257,0.0009819044,0.0003663525,True
Train,randomness_0.5676,0.0012498628,0.00019847788,0.001051385,True
Train,randomness_0.9129,0.0027999692,0.0031181462,-0.00031817704,False
Train,randomness_0.9089,0.003057744,0.0039830967,-0.0009253528,False
Train,randomness_0.1622,0.0018284693,0.0018450543,-1.6584992e-05,False
Train,randomness_0.9419,0.0010270029,0.00033571385,0.0006912891,True
Train,randomness_0.2713,0.00036865845,8.342415e-05,0.0002852343,True
Train,randomness_0.9620,0.0047495016,0.004027,0.0007225014,True
Train,randomness_0.9029,0.0013532955,0.001878973,-0.00052567746,False
Train,randomness_0.1381,0.0043830387,0.0044501014,-6.7062676e-05,False
Train,randomness_0.2102,0.0016699918,0.0014372952,0.00023269653,True
Train,randomness_0.6987,0.0031015389,0.0027830694,0.00031846948,True
Train,randomness_0.5776,0.00019697659,0.0009810384,-0.00078406185,False
Train,randomness_0.2172,0.00083005056,0.0008298103,2.4028122e-07,True
Train,randomness_0.2533,0.0040560085,0.0043398757,-0.00028386712,False
Train,randomness_0.0781,0.0030062236,0.0027020834,0.00030414015,True
Train,randomness_0.5976,0.004593063,0.0037896838,0.00080337934,True
Train,randomness_0.2833,0.0030058883,0.0026645847,0.00034130365,True
Train,randomness_0.4104,0.002378516,0.0017448217,0.00063369423,True
Train,randomness_0.8238,0.0012677629,0.0004511336,0.00081662927,True
Train,randomness_0.7407,0.0046842657,0.0042576604,0.00042660534,True
Train,randomness_0.6376,0.004203867,0.0036841892,0.000519678,True
Train,randomness_0.2242,0.0021293089,0.0023408793,-0.00021157041,False
Train,randomness_0.2623,0.00031795725,2.732873e-05,0.00029062852,True
Train,randomness_0.0200,0.0009816363,0.0013099052,-0.00032826886,False
Train,randomness_0.6817,0.0014560279,0.0006384533,0.00081757456,True
Train,randomness_0.4775,0.00097534433,0.00048372895,0.0004916154,True
Train,randomness_0.1431,0.002113998,0.0021838285,-6.983057e-05,False
Train,randomness_0.7187,0.0018954398,0.0010876721,0.00080776773,True
Train,randomness_0.4304,0.003251925,0.002671685,0.00058024004,True
Train,randomness_0.9870,0.0014229342,0.0007670149,0.0006559193,True
Train,randomness_0.2302,0.005927125,0.0060595777,-0.0001324527,False
Train,randomness_0.3283,0.00010681152,0.0002741702,-0.00016735867,False
Train,randomness_0.3113,0.0020267516,0.0024891645,-0.00046241283,False
Train,randomness_0.6847,0.004334054,0.004692615,-0.00035856105,False
Train,randomness_0.9039,0.0026902412,0.001960306,0.00072993524,True
Train,randomness_0.2112,0.0059095137,0.006016236,-0.00010672212,False
Train,randomness_0.8428,0.003674259,0.004360871,-0.000686612,False
Train,randomness_0.4264,0.001873143,0.0012472942,0.00062584877,True
Train,randomness_0.2753,0.00020193309,0.00021312386,-1.1190772e-05,False
Train,randomness_0.1031,0.00088056177,0.0011621118,-0.00028155,False
Train,randomness_0.6517,0.00039359648,0.0011480143,-0.00075441785,False
Train,randomness_0.1842,0.0010119006,0.0011608303,-0.00014892966,False
Train,randomness_0.5255,0.002523033,0.0021006763,0.00042235665,True
Train,randomness_0.1221,0.0037466027,0.0035448186,0.00020178407,True
Train,randomness_0.7027,0.00050565973,4.3703243e-05,0.0004619565,True
Train,randomness_0.4505,0.0012404695,0.0006154664,0.00062500313,True
Train,randomness_0.6016,0.00485445,0.005600659,-0.0007462092,False
Train,randomness_0.0731,0.000773862,0.00041996688,0.00035389513,True
Train,randomness_0.7658,0.0006884886,0.0015644031,-0.00087591447,False
Train,randomness_0.5335,0.0077936724,0.0072012246,0.0005924478,True
Train,randomness_0.5395,0.00014007464,0.00043777376,-0.00029769912,False
Train,randomness_0.1171,0.0005718097,0.00078098103,-0.00020917132,False
Train,randomness_0.5115,0.00046282634,0.00018008798,0.00028273836,True
Train,randomness_0.9239,0.0015578419,0.00071526505,0.00084257685,True
Train,randomness_0.8208,0.006994127,0.0075778277,-0.00058370084,False
Train,randomness_0.3604,0.0034710392,0.0030635223,0.00040751696,True
Train,randomness_0.7928,0.0036546262,0.0031687655,0.00048586074,True
Train,randomness_0.7177,0.0009080656,0.00010794401,0.0008001216,True
Train,randomness_0.8038,0.0006755926,0.0014130995,-0.0007375069,False
Train,randomness_0.4555,0.0017017461,0.0010512993,0.00065044686,True
Train,randomness_0.0581,0.0041145645,0.00447616,-0.0003615953,False
Train,randomness_0.9449,0.00212037,0.0026996788,-0.0005793087,False
Train,randomness_0.4414,0.0017123874,0.0022187978,-0.0005064104,False
Train,randomness_0.1542,0.0018442795,0.0016943626,0.00014991686,True
Train,randomness_0.1281,0.0019478276,0.002122637,-0.00017480925,False
Train,randomness_0.3684,0.004588444,0.0040839277,0.00050451607,True
Train,randomness_0.3814,0.00036513433,0.00014447048,0.00022066385,True
Train,randomness_0.4625,0.0018283725,0.0022701956,-0.00044182315,False
Train,randomness_0.9900,0.00045157224,0.0002479162,0.00020365603,True
Train,randomness_0.0430,0.005973013,0.0055521373,0.00042087585,True
Train,randomness_0.2723,0.0047418475,0.004552316,0.0001895316,True
Train,randomness_0.4885,0.0009779073,0.0001933109,0.0007845964,True
Train,randomness_0.8218,2.3009256e-05,0.0010276809,-0.0010046717,False
Train,randomness_0.3153,0.0026265532,0.0031145029,-0.0004879497,False
Train,randomness_0.6587,0.0011455789,0.0005659908,0.0005795881,True
Train,randomness_0.7337,0.0026627649,0.0034802975,-0.00081753265,False
Train,randomness_0.7447,0.0023102863,0.0016682306,0.00064205565,True
Train,randomness_0.6306,0.00020378456,0.0009251274,-0.00072134286,False
Train,randomness_0.6276,6.827526e-05,0.00069734827,-0.000629073,False
Train,randomness_0.7367,0.000102628954,0.0003961809,-0.00029355194,False
Train,randomness_0.2653,0.0005136393,0.00088886544,-0.00037522614,False
Train,randomness_0.7047,0.0020331694,0.002905639,-0.0008724695,False
Train,randomness_0.5465,0.00016558729,0.0007118881,-0.0005463008,False
Train,randomness_0.5205,0.00055776536,2.7509406e-05,0.00053025596,True
Train,randomness_0.2523,0.0016207825,0.0014423952,0.00017838739,True
Train,randomness_0.3443,0.00080394745,0.00028728694,0.0005166605,True
Train,randomness_0.8408,0.0037555094,0.00437248,-0.0006169705,False
Train,randomness_0.8939,0.0018327306,0.0022421856,-0.00040945504,False
Train,randomness_0.1441,0.00056797266,0.0006901249,-0.00012215227,False
Train,randomness_0.1892,0.0014610477,0.0015893765,-0.0001283288,False
Train,randomness_0.6146,0.0017816462,0.0009048525,0.00087679364,True
Train,randomness_0.5956,0.00048160367,0.0013759173,-0.0008943137,False
Train,randomness_0.1802,0.0007505417,0.0008725822,-0.00012204051,False
Train,randomness_0.1902,0.00067284703,0.0007013492,-2.8502196e-05,False
Train,randomness_0.5506,0.0005620215,0.00013654307,0.00042547844,True
Train,randomness_0.1652,0.0014703833,0.0014977977,-2.7414411e-05,False
Train,randomness_0.8979,0.00096838176,0.0015600305,-0.00059164874,False
Train,randomness_0.1612,0.002808258,0.0027755387,3.2719225e-05,True
Train,randomness_0.4354,0.0007061437,0.0012579076,-0.0005517639,False
Train,randomness_0.9890,0.0037006047,0.0029197335,0.00078087114,True
Train,randomness_0.9249,0.0050453832,0.0057155257,-0.0006701425,False
Train,randomness_0.9359,0.00082061626,0.00097004883,-0.00014943257,False
Train,randomness_0.6476,0.00027271174,0.00037380867,-0.00010109693,False
Train,randomness_0.6527,0.00027794018,0.0004993379,-0.00022139773,False
Train,randomness_0.1672,0.00061511993,0.00071170926,-9.658933e-05,False
Train,randomness_0.0420,0.0020911582,0.0017231107,0.0003680475,True
Train,randomness_0.9990,0.004135672,0.0043526385,-0.0002169665,False
Train,randomness_0.1061,0.002742827,0.0030348636,-0.00029203668,False
Train,randomness_0.1041,0.0013070852,0.0014980137,-0.00019092858,False
Train,randomness_0.4284,0.0022054985,0.0025721826,-0.00036668405,False
Train,randomness_0.2563,0.0028599836,0.0026198663,0.00024011731,True
Train,randomness_0.8859,0.003609208,0.004472695,-0.0008634869,False
Train,randomness_0.6416,4.673563e-05,0.0005505439,-0.00050380826,False
Train,randomness_0.8228,0.0026739857,0.0031716416,-0.00049765594,False
Train,randomness_0.9489,0.0025697295,0.0030204505,-0.000450721,False
Train,randomness_0.2683,0.00068245456,0.00043938681,0.00024306774,True
Train,randomness_0.6877,0.0039038444,0.0045188433,-0.00061499886,False
Train,randomness_0.8909,0.0015127454,0.00097237155,0.00054037385,True
Train,randomness_0.6977,0.005590573,0.0048650987,0.0007254742,True
Train,randomness_0.2673,0.0020841323,0.0022785068,-0.00019437447,False
Train,randomness_0.7958,0.0051920656,0.004228251,0.00096381456,True
Train,randomness_0.8158,0.0012711957,0.0015988136,-0.00032761786,False
Train,randomness_0.8178,0.0023659724,0.002023443,0.00034252927,True
Train,randomness_0.4835,0.0026554633,0.0019654576,0.0006900057,True
Train,randomness_0.3534,0.0002749078,0.000634199,-0.0003592912,False
Train,randomness_0.5425,0.0040764697,0.003277313,0.0007991567,True
Train,randomness_0.4344,0.0028662402,0.0034685005,-0.00060226023,False
Train,randomness_0.8168,0.0039403834,0.0044159726,-0.0004755892,False
Train,randomness_0.0521,0.002144456,0.0025487617,-0.00040430576,False
Train,randomness_0.0050,0.0031263381,0.0026163235,0.0005100146,True
Train,randomness_0.7628,0.0032484739,0.0035859628,-0.00033748895,False
Train,randomness_0.3524,0.0013237149,0.0018183552,-0.0004946403,False
Train,randomness_0.5566,0.004770087,0.0044159647,0.00035412237,True
Train,randomness_0.5786,0.00020881556,0.000770282,-0.00056146644,False
Train,randomness_0.8739,3.781356e-05,0.0005095266,-0.00047171302,False
Train,randomness_0.4935,0.00377262,0.003179483,0.000593137,True
Train,randomness_0.3133,0.0009650625,0.0014485009,-0.00048343837,False
Train,randomness_0.6296,0.0023283102,0.001902882,0.00042542815,True
Train,randomness_0.5576,0.003231341,0.0027814098,0.00044993125,True
Train,randomness_0.5245,0.00041036494,0.00020642951,0.00020393543,True
Train,randomness_0.4234,0.0022861026,0.0016672015,0.0006189011,True
Train,randomness_0.6346,0.0007757284,0.0014370345,-0.0006613061,False
Train,randomness_0.0260,0.0024933815,0.0019628815,0.00053049996,True
Train,randomness_0.3453,0.0031602178,0.0028263628,0.00033385493,True
Train,randomness_0.0701,0.00057110935,0.00027121976,0.0002998896,True
Train,randomness_0.4565,0.0014831163,0.0008517653,0.000631351,True
Train,randomness_0.3123,0.0026803166,0.0021899268,0.00049038976,True
Train,randomness_0.7057,0.0012892066,0.00083220564,0.00045700092,True
Train,randomness_0.8729,0.0029516818,0.003611291,-0.0006596092,False
Train,randomness_0.9840,0.0050478484,0.004617611,0.0004302375,True
Train,randomness_0.6326,0.0017666891,0.0012064148,0.00056027435,True
Train,randomness_0.4394,0.0010271966,0.00033401698,0.00069317967,True
Train,randomness_0.8498,0.0010071332,0.0003895089,0.00061762426,True
Train,randomness_0.6236,0.0007211566,0.0011979826,-0.00047682598,False
Train,randomness_0.2933,0.0018107258,0.0019996502,-0.00018892437,False
Train,randomness_0.3333,0.0021324381,0.001666192,0.00046624616,True
Train,randomness_0.1662,0.003817346,0.003781505,3.5841018e-05,True
Train,randomness_0.6386,0.0022312598,0.0026206914,-0.0003894316,False
Train,randomness_0.5455,0.00041150115,0.0010492317,-0.0006377306,False
Train,randomness_0.7828,0.0022457829,0.0018426161,0.00040316675,True
Train,randomness_0.3804,0.0044262856,0.0040149167,0.0004113689,True
Train,randomness_0.2743,0.00048866495,0.000117219985,0.00037144497,True
Train,randomness_0.8999,0.0022819415,0.0027520657,-0.00047012419,False
Train,randomness_0.5345,0.0028585494,0.0035511442,-0.0006925948,False
Train,randomness_0.8358,0.004468538,0.0037330668,0.000735471,True
Train,randomness_0.2412,0.0009908304,0.0011063702,-0.00011553988,False
Train,randomness_0.1451,0.003203459,0.0032100081,-6.5490603e-06,False
Train,randomness_0.9800,0.0010223521,0.0017338509,-0.0007114988,False
Train,randomness_0.6547,0.0032674652,0.0037877467,-0.0005202815,False
Train,randomness_0.3734,0.00047758594,0.0010778531,-0.0006002672,False
Train,randomness_0.1361,0.0012432002,0.001192484,5.0716102e-05,True
Train,randomness_0.6687,0.004413467,0.005274959,-0.000861492,False
Train,randomness_0.2783,0.0011797808,0.0014325082,-0.00025272742,False
Train,randomness_0.3674,0.002198359,0.0017142203,0.00048413873,True
Train,randomness_0.7678,0.00065304525,0.0009090798,-0.00025603455,False
Train,randomness_0.6597,0.002294859,0.0018893238,0.0004055351,True
Train,randomness_0.3313,0.0057558194,0.0053553283,0.00040049106,True
Train,randomness_0.1602,0.0013742037,0.001322817,5.1386654e-05,True
Train,randomness_0.8929,0.00047284737,0.00039887382,7.3973555e-05,True
Train,randomness_0.1932,0.0005664043,0.0005435385,2.2865832e-05,True
Train,randomness_0.2022,0.00264759,0.002591554,5.6035817e-05,True
Train,randomness_0.8378,0.0034042536,0.0041899695,-0.0007857159,False
Train,randomness_0.3864,0.003679758,0.0031037312,0.00057602674,True
Train,randomness_0.3343,0.0003526695,0.00011276081,0.0002399087,True
Train,randomness_0.0000,0.0007148646,0.001174394,-0.00045952946,False
Train,randomness_0.9910,0.00030849874,0.0007648356,-0.0004563369,False
Train,randomness_0.7017,0.00084858015,0.00059443526,0.0002541449,True
Train,randomness_0.9560,0.003032489,0.002543891,0.0004885979,True
Train,randomness_0.4955,0.0029354412,0.0025021099,0.00043333136,True
Train,randomness_0.6356,0.002466116,0.00311362,-0.0006475039,False
Train,randomness_0.2032,0.0027603544,0.0028588772,-9.852275e-05,False
Train,randomness_0.3744,0.00050161406,0.001050368,-0.0005487539,False
Train,randomness_0.7968,0.0052725766,0.004496026,0.00077655073,True
Train,randomness_0.1922,0.0005134009,0.00045406818,5.93327e-05,True
Train,randomness_0.3213,0.00054805726,0.00089396536,-0.0003459081,False
Train,randomness_0.9139,0.00064443704,4.7346577e-05,0.00059709046,True
Train,randomness_0.7608,0.0017609708,0.00095838774,0.00080258306,True
Train,randomness_0.1231,0.0011728108,0.0010075904,0.00016522035,True
Train,randomness_0.8849,0.005330216,0.0057789627,-0.0004487466,False
Train,randomness_0.3704,0.00462047,0.005078487,-0.000458017,False
Train,randomness_0.4174,0.0034164302,0.0025497116,0.0008667186,True
Train,randomness_0.7307,0.0043475404,0.003685766,0.00066177454,True
Train,randomness_0.2292,0.00025673583,0.0004192926,-0.00016255677,False
Train,randomness_0.8138,0.00075002573,0.000117650256,0.0006323755,True
Train,randomness_0.6957,0.0024122708,0.001699768,0.00071250275,True
Train,randomness_0.9169,0.0050408915,0.0046571568,0.0003837347,True
Train,randomness_0.8819,0.0012092548,0.0018882803,-0.0006790254,False
Train,randomness_0.4695,0.0008850284,0.0016966723,-0.0008116439,False
Train,randomness_0.3644,0.0035713315,0.0029630251,0.0006083064,True
Train,randomness_0.7287,0.00056986697,0.0010484578,-0.00047859084,False
Train,randomness_0.4054,0.0032636523,0.002550844,0.0007128082,True
Train,randomness_0.5235,0.003510533,0.0029373206,0.0005732123,True
Train,randomness_0.4084,0.0026478413,0.002138473,0.00050936826,True
Train,randomness_0.4545,0.0034813825,0.0028828848,0.0005984977,True
Train,randomness_0.1121,0.002449166,0.0026953109,-0.00024614483,False
Train,randomness_0.4494,0.0057168026,0.005161939,0.00055486336,True
Train,randomness_0.4715,0.0022655893,0.0017285012,0.00053708814,True
Train,randomness_0.5796,0.0060324874,0.005412124,0.0006203633,True
Train,randomness_0.6807,0.0009247679,0.0013555903,-0.00043082237,False
Train,randomness_0.3574,0.0017275326,0.0022635274,-0.00053599477,False
Train,randomness_0.2853,0.0007978715,0.00119384,-0.00039596856,False
Train,randomness_1.0000,0.0022019194,0.0016343072,0.00056761224,True
Train,randomness_0.8509,0.0062930854,0.0054976083,0.00079547707,True
Train,randomness_0.1832,0.0003681332,0.00039808452,-2.9951334e-05,False
Train,randomness_0.9760,0.0026527727,0.0018088855,0.0008438872,True
Train,randomness_0.1251,0.0005917214,0.0004922636,9.94578e-05,True
Train,randomness_0.7918,0.0011401605,0.0003848914,0.0007552691,True
Train,randomness_0.3594,0.004762657,0.004145097,0.00061756,True
Train,randomness_0.6727,0.00034552626,0.0011415798,-0.00079605356,False
Train,randomness_0.1752,0.001982823,0.0019448176,3.800541e-05,True
Train,randomness_0.5435,0.002568055,0.0031061564,-0.0005381014,False
Train,randomness_0.5906,0.0066459533,0.007055763,-0.00040980987,False
Train,randomness_0.7117,0.0033720853,0.0028274097,0.0005446756,True
Train,randomness_0.9069,0.0022078785,0.0020437087,0.00016416982,True
Train,randomness_0.8989,0.00077628717,0.0013014148,-0.00052512763,False
Train,randomness_0.2583,0.0027688108,0.002460301,0.00030850992,True
Train,randomness_0.2693,8.53613e-05,0.0002693422,-0.00018398091,False
Train,randomness_0.4014,0.0021843575,0.0026873276,-0.00050297007,False
Train,randomness_0.4404,0.0017254204,0.0010126531,0.00071276724,True
Train,randomness_0.9680,0.00021351315,0.00068747625,-0.0004739631,False
Train,randomness_0.2372,0.0024468377,0.002208352,0.00023848563,True
Train,randomness_0.2012,0.0016652606,0.0014873035,0.00017795712,True
Train,randomness_0.8088,0.0018634968,0.002205079,-0.0003415821,False
Train,randomness_0.1161,0.001404725,0.0012934208,0.00011130422,True
Train,randomness_0.4535,0.005712481,0.0062393304,-0.0005268492,False
Train,randomness_0.9309,0.00022033695,0.00035671052,-0.00013637356,False
Train,randomness_0.2272,0.00043189526,0.0005834289,-0.00015153363,False
Train,randomness_0.5706,0.0029771328,0.003524879,-0.0005477462,False
Train,randomness_0.4995,1.0570511e-05,0.00049496256,-0.00048439205,False
Train,randomness_0.9520,0.0018775167,0.00126813,0.0006093867,True
Train,randomness_0.4194,0.0016701352,0.001200268,0.00046986714,True
Train,randomness_0.0591,0.0004679039,0.0008036494,-0.0003357455,False
Train,randomness_0.9119,0.0006947052,0.0014068112,-0.000712106,False
Train,randomness_0.8128,0.0031127725,0.0039702225,-0.00085745007,False
Train,randomness_0.8288,0.0039173374,0.0029326314,0.000984706,True
Train,randomness_0.5075,0.0034182072,0.002686983,0.0007312242,True
Train,randomness_0.9219,1.604855e-05,0.00047118403,-0.00045513548,False
Train,randomness_0.0931,0.00070119277,0.0003444627,0.00035673007,True
Train,randomness_0.2643,0.00033128634,0.0005495511,-0.00021826476,False
Train,randomness_0.3413,0.0009467602,0.00048661977,0.0004601404,True
Train,randomness_0.8468,0.0007769242,4.302431e-05,0.0007338999,True
Train,randomness_0.7067,0.0025032116,0.00200269,0.0005005216,True
Train,randomness_0.7798,0.0061086863,0.0053824037,0.0007262826,True
Train,randomness_0.8709,0.000103503466,0.0003349837,-0.00023148023,False
Train,randomness_0.2422,0.00015044212,0.00023615733,-8.5715204e-05,False
Train,randomness_0.3844,0.0062533133,0.0069906563,-0.000737343,False
Train,randomness_0.6446,0.003918886,0.004815424,-0.0008965377,False
Train,randomness_0.0571,0.0016460828,0.0018098652,-0.00016378239,False
Train,randomness_0.2062,0.002536323,0.0025135502,2.27727e-05,True
Train,randomness_0.4214,0.0021378342,0.0015313681,0.0006064661,True
Train,randomness_0.3514,0.0039035194,0.0035601947,0.00034332462,True
Train,randomness_0.6967,0.0016804524,0.0009133257,0.0007671267,True
Train,randomness_0.9660,0.0015956173,0.0006160131,0.0009796042,True
Train,randomness_0.2803,0.0007065609,0.0010695793,-0.00036301836,False
Train,randomness_0.1912,0.0028602835,0.0028701443,-9.860843e-06,False
Train,randomness_0.6577,0.00013995543,0.00034917332,-0.00020921789,False
Train,randomness_0.2703,0.005779512,0.005497288,0.00028222427,True
Train,randomness_0.3984,0.0019734986,0.0024836138,-0.0005101152,False
Train,randomness_0.7848,0.0013000732,0.0018462967,-0.0005462235,False
Train,randomness_0.7437,0.000740258,1.4184043e-05,0.000726074,True
Train,randomness_0.8328,0.0036919045,0.00419957,-0.00050766557,False
Train,randomness_0.7207,0.0009477027,0.00032988563,0.00061781704,True
Train,randomness_0.9389,0.0036446548,0.0041335635,-0.0004889087,False
Train,randomness_0.6176,0.0063094683,0.005840935,0.0004685335,True
Train,randomness_0.9850,0.0016911235,0.0009757988,0.00071532466,True
Train,randomness_0.1111,0.00045651942,0.00024500117,0.00021151826,True
Train,randomness_0.9149,0.0044128075,0.0037782579,0.00063454965,True
Train,randomness_0.2462,0.0012395792,0.0014173985,-0.00017781928,False
Train,randomness_0.7708,0.0007499801,0.0012488365,-0.0004988564,False
Train,randomness_0.2603,0.0036991313,0.003373813,0.00032531843,True
Train,randomness_0.0561,0.0038912203,0.0036376026,0.00025361776,True
Train,randomness_0.6116,0.0022203252,0.002024306,0.00019601919,True
Train,randomness_0.1141,6.418675e-05,3.299862e-05,3.118813e-05,True
Train,randomness_0.9830,0.002983846,0.0037803857,-0.0007965397,False
Train,randomness_0.8559,0.001887111,0.0010921732,0.00079493783,True
Train,randomness_0.6156,0.00020338781,0.00040943734,-0.00020604953,False
Train,randomness_0.7217,0.003247466,0.0026611146,0.0005863514,True
Train,randomness_0.5806,0.00032837503,0.0008328352,-0.0005044602,False
Train,randomness_0.3794,0.0027892087,0.0032971445,-0.0005079359,False
Train,randomness_0.6937,0.0020629913,0.0028012916,-0.0007383004,False
Train,randomness_0.3173,0.0059434585,0.006268684,-0.0003252253,False
Train,randomness_0.0751,0.0002501011,0.00055220723,-0.00030210614,False
Train,randomness_0.8048,0.0020663477,0.0026684236,-0.00060207583,False
Train,randomness_0.5375,0.0060893986,0.00547703,0.0006123688,True
Train,randomness_0.9530,0.0021264236,0.0017369501,0.0003894735,True
Train,randomness_0.4645,0.005061595,0.0056460574,-0.00058446266,False
Train,randomness_0.3223,0.00023792684,0.00020644441,3.148243e-05,True
Train,randomness_0.0921,0.007047655,0.0066827033,0.0003649518,True
Train,randomness_0.9670,0.0010921358,0.0018818731,-0.0007897373,False
Train,randomness_0.4745,0.0025499333,0.0016835183,0.000866415,True
Train,randomness_0.5696,0.00018347986,0.00060900487,-0.000425525,False
Train,randomness_0.9690,0.0018107537,0.0027221572,-0.00091140345,False
Train,randomness_0.8649,0.0029304884,0.003328314,-0.0003978256,False
Train,randomness_0.7568,0.004443504,0.005419025,-0.0009755213,False
Train,randomness_0.2843,0.0023936778,0.0026387088,-0.00024503097,False
Train,randomness_0.8669,0.001347173,0.0019243861,-0.0005772131,False
Train,randomness_0.9259,0.0018950051,0.0023221916,-0.0004271865,False
Train,randomness_0.6036,0.0052408595,0.004557576,0.00068328343,True
Train,randomness_0.9710,0.0016636276,0.00249063,-0.00082700234,False
Train,randomness_0.9650,0.0030326582,0.0037211017,-0.0006884434,False
Train,randomness_0.6797,0.004053411,0.004606545,-0.0005531339,False
Train,randomness_0.9700,0.0029249566,0.0035463034,-0.00062134676,False
Train,randomness_0.2513,0.0012247898,0.0008965209,0.00032826886,True
Train,randomness_0.7357,0.00048624724,0.00098571,-0.0004994627,False
Train,randomness_0.2402,0.0013618991,0.0014164597,-5.45606e-05,False
Train,randomness_0.7167,0.0045090998,0.003953466,0.00055563357,True
Train,randomness_0.7347,0.000481423,0.0013335822,-0.0008521592,False
Train,randomness_0.7808,0.00042163488,0.00026490074,0.00015673414,True
Train,randomness_0.1872,0.0001408346,8.184463e-06,0.00013265014,True
Train,randomness_0.3183,0.000835035,0.0013127886,-0.00047775358,False
Train,randomness_0.7227,0.0029663472,0.0036026845,-0.0006363373,False
Train,randomness_0.1782,0.0028646588,0.002900876,-3.6217272e-05,False
Train,randomness_0.5215,0.0014191996,0.0018098298,-0.00039063022,False
Train,randomness_0.5195,0.003039442,0.0021505468,0.00088889524,True
Train,randomness_0.6867,0.0008465182,0.0002638474,0.0005826708,True
Train,randomness_0.1962,0.002608113,0.0025496893,5.8423728e-05,True
Train,randomness_0.1191,0.0017436333,0.0016121343,0.00013149902,True
Train,randomness_0.2392,0.0031657442,0.0030121394,0.0001536049,True
Train,randomness_0.5035,0.00027485006,0.0008555949,-0.0005807448,False
Train,randomness_0.9479,0.006729273,0.0059689316,0.0007603415,True
Train,randomness_0.2983,0.0012683757,0.0010936148,0.00017476082,True
Train,randomness_0.8589,0.004540447,0.0035843477,0.0009560995,True
Train,randomness_0.9540,0.0029151365,0.003394125,-0.0004789885,False
Train,randomness_0.0250,0.000108495355,0.00034457073,-0.00023607537,False
Train,randomness_0.8599,0.0006744433,0.0011399093,-0.00046546594,False
Train,randomness_0.0911,0.0023612007,0.0027092732,-0.0003480725,False
Train,randomness_0.5526,0.00016823597,0.00074930675,-0.0005810708,False
Train,randomness_0.3493,0.0024357177,0.002101276,0.00033444166,True
Train,randomness_0.4004,0.0013333857,0.0006968342,0.00063655153,True
Train,randomness_0.7728,0.0026404066,0.0019470891,0.0006933175,True
Train,randomness_0.6717,0.005704323,0.00611745,-0.00041312724,False
Train,randomness_0.7237,0.0015411507,0.002481278,-0.0009401273,False
Train,randomness_0.7898,0.0026369337,0.0022189189,0.00041801482,True
Train,randomness_0.7508,0.004595273,0.0038106963,0.00078457687,True
Train,randomness_0.3584,0.0002969727,1.5348196e-06,0.00029543787,True
Train,randomness_0.7107,0.00035673007,0.00047369115,-0.00011696108,False
Train,randomness_0.3944,0.0005165152,1.6827136e-05,0.0004996881,True
Train,randomness_0.5145,0.00174262,0.001220515,0.000522105,True
Train,randomness_0.2382,0.00010295212,0.00014949962,-4.6547502e-05,False
Train,randomness_0.8108,0.0026126099,0.0022317418,0.0003808681,True
Train,randomness_0.8969,0.0007953717,0.00048493582,0.0003104359,True
Train,randomness_0.6507,0.00016731396,0.0008158777,-0.0006485637,False
Train,randomness_0.5886,0.0034551024,0.0027657524,0.00068935007,True
Train,randomness_0.2352,0.0018693432,0.0016722046,0.00019713864,True
Train,randomness_0.2342,0.0045850202,0.0043551847,0.00022983551,True
Train,randomness_0.7518,0.007864779,0.0073369425,0.0005278364,True
Train,randomness_0.9339,0.0021406086,0.0012250245,0.00091558415,True
Train,randomness_0.7668,9.92883e-06,0.0007020142,-0.00069208536,False
Train,randomness_0.4484,0.004183531,0.0036376026,0.00054592825,True
Train,randomness_0.5636,0.0018393733,0.0012659244,0.00057344884,True
Train,randomness_0.4244,0.0026990902,0.0032996554,-0.0006005652,False
Train,randomness_0.2763,0.000678014,0.00035933405,0.00031867996,True
Train,randomness_0.2002,0.0009699911,0.000909213,6.077811e-05,True
Train,randomness_0.8659,0.0024607936,0.002659684,-0.00019889046,False
Train,randomness_0.7087,0.0026467815,0.0034057377,-0.0007589562,False
Train,randomness_0.2282,0.00047345832,0.00040784106,6.561726e-05,True
Train,randomness_0.9600,0.008049123,0.0075286203,0.0005205027,True
Train,randomness_0.2873,0.0012164004,0.00084070116,0.00037569925,True
Train,randomness_0.7097,0.0012689959,0.0005407892,0.0007282067,True
Train,randomness_0.3754,0.0001905784,0.00038883835,-0.00019825995,False
Train,randomness_0.3904,0.0054223016,0.004915785,0.00050651655,True
Train,randomness_0.5005,0.00067460164,0.001294883,-0.0006202813,False
Train,randomness_0.1992,0.0022948794,0.0022598319,3.504753e-05,True
Train,randomness_0.2733,0.0011734702,0.0010058545,0.00016761571,True
Train,randomness_0.2923,0.0006095432,0.00086545944,-0.00025591627,False
Train,randomness_0.5385,0.000322083,0.0012311935,-0.00090911053,False
Train,randomness_0.3423,0.004061384,0.0044158194,-0.0003544353,False
Train,randomness_0.5155,0.0035407115,0.0031331237,0.00040758774,True
Train,randomness_0.8959,0.001901945,0.0011462923,0.00075565267,True
Train,randomness_0.2082,0.0016696677,0.0017886683,-0.00011900067,False
Train,randomness_0.7377,0.00056534633,0.0013503134,-0.0007849671,False
Train,randomness_0.5025,0.0018557906,0.0028665438,-0.0010107532,False
Train,randomness_0.8068,0.0012017991,0.0008380478,0.00036375131,True
Train,randomness_0.7948,0.0028904248,0.0022880863,0.00060233846,True
Train,randomness_0.9179,0.0028314202,0.002495507,0.00033591315,True
Train,randomness_0.3103,0.0008296259,0.0011601523,-0.00033052638,False
Train,randomness_0.7417,0.0012195148,0.0016445443,-0.00042502955,False
Train,randomness_0.9199,0.00031669252,0.0010287187,-0.00071202614,False
Train,randomness_0.7778,0.0010767952,0.0019307602,-0.00085396506,False
Train,randomness_0.9229,0.0009307917,0.0015165042,-0.0005857125,False
Train,randomness_0.7247,0.002478796,0.0028924718,-0.0004136758,False
Train,randomness_0.8539,0.0011185547,0.00075191073,0.000366644,True
Train,randomness_0.7858,0.00087659154,0.0014064163,-0.00052982476,False
Train,randomness_0.4865,0.0027642846,0.0033029448,-0.0005386602,False
Train,randomness_0.9730,0.0022066087,0.002979843,-0.0007732343,False
Train,randomness_0.6096,0.003843626,0.004344862,-0.00050123595,False
Train,randomness_0.3634,0.0020303521,0.002472274,-0.00044192187,False
Train,randomness_0.8549,0.0011751163,0.001596021,-0.00042090472,False
Train,randomness_0.5415,0.0038599875,0.003314592,0.00054539554,True
Train,randomness_0.5966,0.0031681685,0.0027921284,0.00037604012,True
Train,randomness_0.1882,0.0039319657,0.0040485784,-0.00011661276,False
Train,randomness_0.3263,0.0027908832,0.0030148067,-0.00022392347,False
Train,randomness_0.8809,0.0046508694,0.003978013,0.00067285635,True
Train,randomness_0.7077,0.0003489852,0.0010153502,-0.000666365,False
Train,randomness_0.7718,0.0015331372,0.0022308868,-0.00069774967,False
Train,randomness_0.4735,0.002065247,0.0017579347,0.00030731224,True
Train,randomness_0.9820,0.0022316603,0.0014301501,0.0008015102,True
Train,randomness_0.8579,0.0026007956,0.003143522,-0.00054272637,False
Train,randomness_0.3273,0.0024074055,0.0020227619,0.00038464367,True
Train,randomness_0.8078,0.0010470785,0.0015460867,-0.0004990082,False
Train,randomness_0.7768,0.00012818445,0.0008315109,-0.0007033264,False
Train,randomness_0.4164,0.0014276709,0.0017983858,-0.0003707148,False
Train,randomness_0.7487,0.002902137,0.0021733632,0.0007287739,True
Train,randomness_0.5105,0.0029775277,0.0021302197,0.00084730797,True
Train,randomness_0.9740,0.0017055031,0.0011153184,0.0005901847,True
Train,randomness_0.4585,0.0006591007,0.0012391675,-0.0005800668,False
Train,randomness_0.3544,0.00022767112,0.00017849356,4.9177557e-05,True
Train,randomness_0.7277,0.0011849357,0.0019378997,-0.00075296406,False
Train,randomness_0.7327,0.0056906566,0.0057998123,-0.00010915566,False
Train,randomness_0.3784,0.006077394,0.0055521317,0.0005252622,True
Train,randomness_0.4765,0.0040619913,0.003634328,0.00042766333,True
Train,randomness_0.4845,0.0012735706,0.0008273721,0.0004461985,True
Train,randomness_0.3163,0.002555143,0.002102051,0.00045309216,True
Train,randomness_0.9550,0.0014106224,0.0019401538,-0.0005295314,False
Train,randomness_0.8368,0.0017015608,0.0007057404,0.0009958204,True
Train,randomness_0.5726,0.0012358669,0.001837112,-0.0006012451,False
Train,randomness_0.4474,0.0017650574,0.0013249181,0.00044013932,True
Train,randomness_0.6056,0.00769384,0.007134065,0.00055977516,True
Train,randomness_0.7397,0.0016247593,0.0023357524,-0.0007109931,False
Train,randomness_0.9880,0.006322497,0.007057804,-0.0007353071,False
Train,randomness_0.9499,0.0021601464,0.0015049623,0.00065518403,True
Train,randomness_0.9109,0.0005826077,0.0013067222,-0.0007241145,False
Train,randomness_0.7197,0.0070522022,0.006401882,0.0006503202,True
Train,randomness_0.8679,0.0009572664,0.0021039331,-0.0011466667,False
Train,randomness_0.7457,0.0043619955,0.0049652727,-0.00060327724,False
Train,randomness_0.8609,0.0033738962,0.002430325,0.00094357133,True
Train,randomness_0.6567,0.0033600964,0.004030563,-0.0006704666,False
Train,randomness_0.9590,0.0014424026,0.00208636,-0.0006439574,False
Train,randomness_0.6777,0.0058425665,0.0054520024,0.0003905641,True
Train,randomness_0.1562,0.0010614768,0.0010128692,4.8607588e-05,True
Train,randomness_0.3383,2.9724091e-05,0.00043650344,-0.00040677935,False
Train,randomness_0.7988,0.0009867847,0.0018587364,-0.0008719517,False
Train,randomness_0.2482,0.0014437027,0.0016574487,-0.00021374598,False
Train,randomness_0.6246,0.0035136826,0.00396879,-0.00045510754,False
Train,randomness_0.0901,0.0034215078,0.0036119707,-0.00019046292,False
Train,randomness_0.6406,0.0069925785,0.006723866,0.00026871264,True
Train,randomness_0.2593,0.0017606802,0.0020256191,-0.00026493892,False
Train,randomness_0.7548,0.0038031419,0.004496939,-0.00069379713,False
Train,randomness_0.9780,0.0015536323,0.00249039,-0.0009367578,False
Train,randomness_0.8619,0.00024054898,0.0006033224,-0.00036277343,False
Train,randomness_0.9469,0.0042441133,0.004863212,-0.00061909854,False
Train,randomness_0.8338,0.0015821904,0.0014107395,0.0001714509,True
Train,randomness_0.1682,0.0006495081,0.0006873533,-3.7845224e-05,False
Train,randomness_0.6637,0.0023314264,0.0017737001,0.00055772625,True
Train,randomness_0.3363,0.001588095,0.001129251,0.000458844,True
Train,randomness_0.6747,0.005500011,0.004620338,0.0008796733,True
Train,randomness_0.7908,0.00029958226,0.00043289457,-0.00013331231,False
Train,randomness_0.5606,0.0016577281,0.0008920189,0.0007657092,True
Train,randomness_0.6537,0.0021696733,0.0014362279,0.0007334454,True
Train,randomness_0.8869,0.0042020995,0.004712886,-0.00051078666,False
Train,randomness_0.2963,0.0010359138,0.0013695024,-0.00033358857,False
Train,randomness_0.4925,0.00044364668,5.9977174e-06,0.00043764897,True
Train,randomness_0.4975,0.0020731334,0.0026372056,-0.0005640723,False
Train,randomness_0.8629,0.0048860707,0.004789027,9.704381e-05,True
Train,randomness_0.3083,0.0012731627,0.0008862689,0.00038689375,True
Train,randomness_0.0090,0.0007328354,0.0002608113,0.00047202408,True
Train,randomness_0.7427,0.0036044428,0.0031340057,0.0004704371,True
Train,randomness_0.9049,0.00028125755,0.0004212018,-0.00013994426,False
Train,randomness_0.7127,0.0036796518,0.0045025516,-0.00082289986,False
Train,randomness_0.8388,3.9586797e-05,0.0009472091,-0.0009076223,False
Train,randomness_0.6466,0.00037720986,0.00083659217,-0.0004593823,False
Train,randomness_0.8258,0.004802108,0.0042935945,0.0005085133,True
Train,randomness_0.7838,0.00046002958,1.29099935e-05,0.0004471196,True
Train,randomness_0.1732,0.0024370365,0.0024321936,4.8428774e-06,True
Train,randomness_0.8278,0.0021679867,0.0014412971,0.0007266896,True
Train,randomness_0.6737,0.0026196707,0.0021631215,0.00045654923,True
Train,randomness_0.5065,0.0011288598,0.0017613042,-0.0006324444,False
Train,randomness_0.6026,0.00042381324,0.00056817196,-0.00014435872,False
Train,randomness_0.1131,0.005894441,0.0057028234,0.00019161776,True
Train,randomness_0.0851,0.003101103,0.002713032,0.00038807094,True
Train,randomness_0.2903,0.0013265535,0.0010555759,0.00027097762,True
Train,randomness_0.2132,0.0007982105,0.0008151978,-1.6987324e-05,False
Train,randomness_0.0771,0.00012260303,0.0005289316,-0.0004063286,False
Train,randomness_0.8889,0.0031156167,0.0040636784,-0.0009480617,False
Train,randomness_0.3233,0.0030125305,0.0033347122,-0.00032218173,False
Train,randomness_0.5896,0.00045494735,0.00014482625,0.0003101211,True
Train,randomness_0.4785,0.0025011823,0.0019289348,0.00057224743,True
Train,randomness_0.3854,0.00056958944,0.0011134334,-0.00054384395,False
Train,randomness_0.5185,0.0018267389,0.0013485868,0.0004781522,True
Train,randomness_0.7748,0.0024144892,0.002014283,0.00040020607,True
Train,randomness_0.4915,0.0030832868,0.0033833552,-0.0003000684,False
Train,randomness_0.6927,0.0022196695,0.0016524009,0.0005672686,True
Train,randomness_0.5986,0.0012566447,0.0019674208,-0.0007107761,False
Train,randomness_0.2222,0.0030651689,0.0032458566,-0.00018068776,False
Train,randomness_0.1301,0.00052623823,0.000684686,-0.00015844777,False
Train,randomness_0.5716,0.0052619334,0.004565999,0.0006959345,True
Train,randomness_0.7477,0.0017329566,0.0012688786,0.00046407804,True
Train,randomness_0.2072,0.0016259067,0.0016852953,-5.9388578e-05,False
Train,randomness_0.9770,0.0003346037,0.001020493,-0.0006858893,False
Train,randomness_0.6206,0.0025232583,0.0032797363,-0.00075647794,False
Train,randomness_0.1321,0.00012911484,0.0002424568,-0.00011334196,False
Train,randomness_0.0460,0.0020996146,0.0025550723,-0.00045545772,False
Train,randomness_0.2452,0.0003704466,0.0002174601,0.0001529865,True
Train,randomness_0.1021,0.004002366,0.004184261,-0.00018189475,False
Train,randomness_0.5926,0.0019942503,0.0012605544,0.0007336959,True
Train,randomness_0.4795,8.979067e-05,0.00074419565,-0.000654405,False
Train,randomness_0.2773,0.0016072169,0.0020204298,-0.00041321293,False
Train,randomness_0.8639,0.005385363,0.005308964,7.6399185e-05,True
Train,randomness_0.3073,0.0012212098,0.00068504363,0.00053616613,True
Train,randomness_0.8919,0.002764428,0.0037608175,-0.0009963894,False
Train,randomness_0.1181,0.0010117441,0.0008421317,0.00016961247,True
Train,randomness_0.4364,0.0011305213,0.00033806823,0.00079245307,True
Train,randomness_0.8488,0.0010971669,0.0005614739,0.000535693,True
Train,randomness_0.8198,0.0009579146,0.00011210702,0.0008458076,True
Train,randomness_0.8248,0.002289679,0.0017606504,0.0005290285,True
Train,randomness_0.3924,0.00091254525,0.00041307881,0.00049946643,True
Train,randomness_0.8018,0.0006535994,0.0010593329,-0.00040573347,False
Train,randomness_0.3473,0.0010972172,0.0006396957,0.00045752153,True
Train,randomness_0.8268,0.00068499334,0.00015480444,0.0005301889,True
Train,randomness_0.5616,0.00086864084,0.0014253035,-0.0005566627,False
Train,randomness_0.5556,0.00066768564,0.00027195364,0.000395732,True
Train,randomness_0.9970,0.00085891224,0.0012688115,-0.00040989928,False
Train,randomness_0.3654,0.00046261027,0.0009766594,-0.0005140491,False
Train,randomness_0.2913,7.481873e-05,0.00053341687,-0.00045859814,False
Train,randomness_0.2503,0.0006546825,0.000517752,0.0001369305,True
Train,randomness_0.6557,0.0058894865,0.0055665206,0.0003229659,True
Train,randomness_0.8298,0.0012112632,0.0020969221,-0.0008856589,False
Train,randomness_0.5015,0.00010286458,0.00044314936,-0.00034028478,False
Train,randomness_0.8028,0.0014369562,0.00047619548,0.00096076075,True
Train,randomness_0.5766,0.002258759,0.0013249032,0.0009338558,True
Train,randomness_0.8719,0.0064019626,0.005352187,0.0010497756,True
Train,randomness_0.1812,0.00054308027,0.00042010844,0.00012297183,True
Train,randomness_0.6657,0.0024460312,0.001669677,0.0007763542,True
Train,randomness_0.4895,0.0044733547,0.0038841646,0.00058919005,True
Train,randomness_0.0010,0.0031205043,0.0036797374,-0.0005592331,False
Train,randomness_0.9399,0.0005780868,4.222989e-05,0.00053585693,True
Train,randomness_0.6617,0.0015221704,0.0020776428,-0.00055547245,False
Train,randomness_0.1512,0.00044045597,0.000441283,-8.2701445e-07,False
Train,randomness_0.2953,0.00021848828,0.0004940331,-0.00027554482,False
Train,randomness_0.0891,0.0041545033,0.003849391,0.00030511245,True
Train,randomness_0.8759,0.003953699,0.0035205847,0.00043311436,True
Train,randomness_0.6086,0.00028220192,0.00043912604,-0.00015692413,False
Train,randomness_0.5275,0.00066121295,0.0011346359,-0.00047342293,False
Train,randomness_0.5546,0.0027931184,0.00216607,0.0006270483,True
Train,randomness_0.4665,0.002499994,0.0031980276,-0.0006980337,False
Train,randomness_0.1642,0.0040829964,0.004057158,2.5838614e-05,True
Train,randomness_0.4384,0.0005719252,7.387251e-05,0.0004980527,True
Train,randomness_0.6647,0.00041796826,0.00017537922,0.00024258904,True
Train,randomness_0.4454,0.0049301274,0.004312925,0.0006172024,True
Train,randomness_0.8769,0.0014402329,0.002184719,-0.0007444862,False
Train,randomness_0.3373,0.00053476915,9.376556e-06,0.0005253926,True
Train,randomness_0.0440,0.0040446892,0.0044120215,-0.00036733225,False
Train,randomness_0.4144,0.0032504909,0.0026905872,0.0005599037,True
Train,randomness_0.7007,0.004278465,0.0036622165,0.0006162487,True
Train,randomness_0.4875,0.0010937024,0.0016333088,-0.00053960644,False
Train,randomness_0.3694,0.004578948,0.0041304976,0.00044845045,True
Train,randomness_0.2553,0.0035055429,0.00318807,0.00031747296,True
Train,randomness_0.9409,0.0016607409,0.0023828968,-0.0007221559,False
Train,randomness_0.9930,0.0014745146,0.0023579076,-0.000883393,False
Train,randomness_0.7467,0.0024161814,0.003078279,-0.0006620977,False
Train,randomness_0.9189,0.0017961212,0.0012968653,0.00049925596,True
Train,randomness_0.5846,0.0005980134,0.0008949209,-0.0002969075,False
Train,randomness_0.9810,0.0008560773,0.00034406595,0.00051201135,True
Train,randomness_0.6046,0.00062443875,8.116476e-05,0.000543274,True
Train,randomness_0.9319,0.005077761,0.0042616865,0.00081607467,True
Train,randomness_0.3393,0.0020900518,0.0016878843,0.00040216744,True
Train,randomness_0.6667,0.0050439667,0.0043727625,0.0006712042,True
Train,randomness_0.6627,0.00053451955,0.0010655299,-0.00053101033,False
Train,randomness_0.7868,0.0019844854,0.0012864377,0.0006980477,True
Train,randomness_0.2793,0.0009368211,0.0012874566,-0.0003506355,False
Train,randomness_0.8829,0.001683007,0.000897971,0.000785036,True
Train,randomness_0.7998,0.004251298,0.004095326,0.00015597185,True
Train,randomness_0.5756,0.004382618,0.0036686882,0.00071392953,True
Train,randomness_0.7818,0.0011261059,0.00031160004,0.00081450585,True
Train,randomness_0.6106,0.0032403492,0.0036133067,-0.00037295744,False
Train,randomness_0.1241,0.0003285408,0.00023373589,9.480491e-05,True
Train,randomness_0.5746,0.00013224594,0.00053091533,-0.0003986694,False
Train,randomness_0.6607,0.0043503717,0.0036793258,0.00067104585,True
Train,randomness_0.9570,0.0015684552,0.0009451024,0.0006233528,True
Train,randomness_0.8478,0.0009002015,0.0017792324,-0.0008790309,False
Train,randomness_0.3483,0.00057501346,0.00096014515,-0.0003851317,False
Train,randomness_0.0661,0.0015719011,0.001854144,-0.0002822429,False
Train,randomness_0.4124,0.0059642754,0.0055300966,0.00043417886,True
Train,randomness_0.5596,0.0010778178,0.0018358454,-0.00075802766,False
Train,randomness_0.2492,0.0013414174,0.0015960187,-0.00025460124,False
Train,randomness_0.3724,0.0010107383,0.00045696646,0.00055377185,True
Train,randomness_0.2813,0.0030749664,0.0034052394,-0.00033027306,False
Train,randomness_0.4855,0.001788985,0.0023688897,-0.00057990476,False
Train,randomness_0.9059,0.0031636772,0.004098851,-0.0009351736,False
Train,randomness_0.5135,0.0011663958,0.0019939933,-0.00082759745,False
Train,randomness_0.5916,0.00082250684,0.0014258549,-0.000603348,False
Train,randomness_0.4424,0.0022364426,0.0016102251,0.0006262176,True
Train,randomness_0.8699,0.0008045584,0.0003051674,0.000499391,True
Train,randomness_0.4064,0.00014745817,0.0006903559,-0.00054289773,False
Train,randomness_0.7618,0.001435224,0.0007742364,0.00066098757,True
Train,randomness_0.2092,0.0015385784,0.001799304,-0.00026072562,False
Train,randomness_0.7638,0.002823107,0.0036054049,-0.0007822979,False
Train,randomness_0.9720,0.001241642,0.0005093347,0.0007323073,True
Train,randomness_0.1742,0.0005075708,0.00051636994,-8.799136e-06,False
Train,randomness_0.4725,0.00047398545,0.0012265816,-0.0007525962,False
Train,randomness_0.1592,0.00013878196,2.5197864e-05,0.0001135841,True
Train,randomness_0.5586,0.003884444,0.0044833273,-0.00059888326,False
Train,randomness_0.4294,0.0006206222,0.0012084208,-0.00058779866,False
Train,randomness_0.3053,0.0027150027,0.0031658746,-0.00045087188,False
Train,randomness_0.5666,0.0037347395,0.0031056292,0.00062911026,True
Train,randomness_0.1982,8.545816e-06,3.36878e-05,-2.5141984e-05,False
Train,randomness_0.7147,0.0038969722,0.0046795486,-0.0007825764,False
Train,randomness_0.0611,0.0016851723,0.0013549738,0.00033019856,True
Train,randomness_0.8008,3.3235177e-05,0.00088701164,-0.00085377647,False
Train,randomness_0.1411,0.0027231611,0.0025652796,0.00015788153,True
Train,randomness_0.1822,0.0030815452,0.0030034892,7.805601e-05,True
Train,randomness_0.3664,0.0010176487,0.00041205063,0.0006055981,True
Train,randomness_0.9610,0.0017519421,0.002050322,-0.00029837992,False
Train,randomness_0.5355,0.0033505391,0.002881214,0.0004693251,True
Train,randomness_0.1772,0.0006162487,0.000571385,4.486367e-05,True
Validation,randomness_0.1401,0.0016084872,0.0014768504,0.00013163686,True
Validation,randomness_0.9279,0.0013225414,0.00044219382,0.00088034756,True
Validation,randomness_0.3253,0.0026424564,0.0022570156,0.0003854409,True
Validation,randomness_0.6887,0.0017360034,0.0024708132,-0.0007348098,False
Validation,randomness_0.1011,0.0007646382,0.0010836832,-0.00031904504,False
Validation,randomness_0.8318,0.002979303,0.0035489725,-0.00056966953,False
Validation,randomness_0.3964,0.0013728365,0.002061963,-0.00068912655,False
Validation,randomness_0.1862,0.0028975569,0.0029800124,-8.2455575e-05,False
Validation,randomness_0.1421,0.0032489263,0.003229443,1.9483268e-05,True
Validation,randomness_0.1582,0.0004781671,0.00052591413,-4.7747046e-05,False
Validation,randomness_0.2232,0.0021496415,0.0019541793,0.00019546226,True
Validation,randomness_0.6336,0.0028222892,0.00358361,-0.0007613208,False
Validation,randomness_0.9019,0.0013618077,0.00049139746,0.00087041024,True
Validation,randomness_0.1972,0.0015683249,0.0017511174,-0.00018279254,False
Validation,randomness_0.8118,0.0038020518,0.004310839,-0.0005087871,False
Validation,randomness_0.6907,0.001144086,0.00093396567,0.00021012034,True
Validation,randomness_0.2573,0.0025082193,0.0028006546,-0.0002924353,False
Validation,randomness_0.5225,0.0013416559,0.00090594403,0.00043571182,True
Validation,randomness_0.5475,0.0069265105,0.007460708,-0.0005341973,False
Validation,randomness_0.1351,0.00012369454,0.00020232797,-7.863343e-05,False
Validation,randomness_0.3023,0.003264051,0.003699556,-0.00043550506,False
Validation,randomness_0.8418,0.0009774938,0.00035736524,0.0006201286,True
Validation,randomness_0.7888,0.004655256,0.005545914,-0.00089065824,False
Validation,randomness_0.4324,0.0012778752,0.00070892274,0.0005689524,True
Validation,randomness_0.6426,0.0011379346,0.0006512329,0.00048670173,True
Validation,randomness_0.4444,0.00028172508,0.00034236535,-6.0640275e-05,False
Validation,randomness_0.0831,0.0010816082,0.0014374778,-0.00035586953,False
Validation,randomness_0.9379,0.001851756,0.0011712032,0.0006805528,True
Validation,randomness_0.7588,0.00093165785,4.0346757e-05,0.0008913111,True
Validation,randomness_0.6226,0.0028525088,0.0033003427,-0.0004478339,False
Validation,randomness_0.3564,0.0013142079,0.0010365434,0.0002776645,True
Validation,randomness_0.8569,0.006105601,0.0058933785,0.00021222234,True
Validation,randomness_0.3954,0.0007889122,0.00018210337,0.0006068088,True
Validation,randomness_0.6316,0.004167298,0.0035361666,0.00063113123,True
Validation,randomness_0.7157,0.000297009,0.0009068139,-0.0006098049,False
Validation,randomness_0.7758,0.0027759634,0.003625093,-0.00084912963,False
Validation,randomness_0.0721,0.0015007034,0.0013031848,0.00019751862,True
Validation,randomness_0.6897,0.0014070021,0.00080697704,0.00060002506,True
Validation,randomness_0.5315,0.0043330844,0.0035906918,0.0007423926,True
Validation,randomness_0.3003,0.0046600625,0.004295729,0.0003643334,True
Validation,randomness_0.1311,5.6527555e-05,0.00011249259,-5.5965036e-05,False
Validation,randomness_0.3353,0.0008393377,0.000514213,0.0003251247,True
Validation,randomness_0.4705,0.00012775697,0.0003971625,-0.00026940554,False
Validation,randomness_0.8448,0.0071430635,0.006393985,0.0007490786,True
Validation,randomness_0.7528,0.002130474,0.0028597666,-0.00072929263,False
Validation,randomness_0.7257,0.0013248958,0.0020324532,-0.0007075574,False
Validation,randomness_0.3063,0.0003244467,0.0007194653,-0.0003950186,False
Validation,randomness_0.6196,0.004543714,0.0037385449,0.00080516934,True
Validation,randomness_0.5946,0.00089673325,0.0004658457,0.00043088757,True
Validation,randomness_0.9329,0.0035505742,0.004013244,-0.00046266988,False
Validation,randomness_0.5536,0.0046395585,0.004158279,0.00048127957,True
Validation,randomness_0.4525,0.0037589762,0.003409125,0.00034985133,True
Validation,randomness_0.6496,0.0042755585,0.003446823,0.00082873553,True
Validation,randomness_0.3764,0.0060080457,0.006638443,-0.00063039735,False
Validation,randomness_0.3433,0.002311781,0.0026883464,-0.00037656538,False
Validation,randomness_0.3043,0.0020987876,0.0025510192,-0.00045223162,False
Validation,randomness_0.2202,0.0018669441,0.0020569377,-0.00018999353,False
Validation,randomness_0.4965,0.00495027,0.0056007076,-0.00065043755,False
Validation,randomness_0.3994,0.0021339543,0.001660224,0.00047373027,True
Validation,randomness_0.6436,0.0030380301,0.002570996,0.00046703406,True
Validation,randomness_0.1071,0.002608519,0.0023627542,0.00024576485,True
Validation,randomness_0.4905,0.0045003146,0.00517706,-0.00067674555,False
Validation,randomness_0.8398,0.0012939991,0.0006598402,0.00063415896,True
Validation,randomness_0.5485,0.0015886948,0.0008868929,0.00070180185,True
Validation,randomness_0.2993,0.002765622,0.0025267713,0.00023885071,True
Validation,randomness_0.2883,0.0034130476,0.0036335252,-0.00022047758,False
Validation,randomness_0.7688,0.00019322801,0.00048125163,-0.0002880236,False
Validation,randomness_0.6166,0.002736276,0.0020029023,0.0007333737,True
Validation,randomness_0.4274,0.00082333945,0.0014342219,-0.0006108824,False
Validation,randomness_0.5495,0.0060838964,0.005402839,0.0006810576,True
Validation,randomness_0.7267,0.0018074764,0.00213937,-0.00033189356,False
Validation,randomness_0.6837,0.0032229773,0.0034430386,-0.00022006128,False
Validation,randomness_0.9269,0.0039957967,0.0032617713,0.0007340254,True
Validation,randomness_0.4134,0.0014602747,0.0017521307,-0.000291856,False
Validation,randomness_0.2182,0.0010084845,0.000924591,8.389354e-05,True
Validation,randomness_0.9439,0.0019899644,0.0010480937,0.00094187073,True
Validation,randomness_0.4615,0.00019264966,0.00069066696,-0.0004980173,False
Validation,randomness_0.5936,0.0021653567,0.0010467004,0.0011186562,True
Validation,randomness_0.1271,0.0024877265,0.002609264,-0.000121537596,False
Validation,randomness_0.7648,0.0011574812,0.0019663554,-0.00080887415,False
Validation,randomness_0.6256,0.0038472991,0.0035810564,0.00026624277,True
Validation,randomness_0.2633,0.0021192431,0.0018907823,0.00022846088,True
Validation,randomness_0.6366,5.8803707e-06,0.0004954599,-0.0004895795,False
Validation,randomness_0.1341,0.0025309138,0.0024344213,9.649247e-05,True
Validation,randomness_0.9209,0.0031136647,0.00216854,0.0009451248,True
Validation,randomness_0.8779,0.0004770048,0.00090318196,-0.00042617717,False
Validation,randomness_0.4815,0.0025270525,0.0032180715,-0.000691019,False
Validation,randomness_0.5856,0.0010408014,9.316765e-05,0.00094763376,True
Validation,randomness_0.3093,0.00084142014,0.00051173195,0.0003296882,True
Validation,randomness_0.6757,0.0011883015,0.001986009,-0.0007977076,False
Validation,randomness_0.4464,0.0032208152,0.0036995523,-0.00047873706,False
Validation,randomness_0.6456,0.0026735496,0.0030591004,-0.00038555078,False
Validation,randomness_0.9009,0.0011212332,0.00027018692,0.0008510463,True
Validation,randomness_0.9099,0.0018787029,0.0021231975,-0.00024449464,False
Validation,randomness_0.8789,0.0030870042,0.003542677,-0.00045567285,False
Validation,randomness_0.4985,7.734634e-05,0.0005286187,-0.00045127235,False
Validation,randomness_0.1461,0.0035000294,0.0035787858,-7.875636e-05,False
Validation,randomness_0.2863,0.001952121,0.0021402352,-0.00018811412,False
Validation,randomness_0.7317,0.0013631368,0.0017871913,-0.00042405445,False
Validation,randomness_0.8519,0.000750578,8.150283e-05,0.0006690752,True
Adaptation_Train,randomness_0.0020,0.005498022,0.005087331,0.0004106909,True
Adaptation_Train,randomness_0.0060,0.0036322102,0.0031299107,0.0005022995,True
Adaptation_Train,randomness_0.0080,0.0019719899,0.0013768151,0.00059517473,True
Adaptation_Train,randomness_0.0120,0.002633378,0.003001526,-0.0003681481,False
Adaptation_Train,randomness_0.0150,0.0051548537,0.0047372673,0.00041758642,True
Adaptation_Train,randomness_0.0270,0.003625024,0.0031492002,0.00047582388,True
Adaptation_Train,randomness_0.0290,0.0023834817,0.0018997043,0.00048377737,True
Adaptation_Train,randomness_0.0320,0.0022821873,0.0018940046,0.0003881827,True
Adaptation_Train,randomness_0.0350,0.002822306,0.0032617599,-0.00043945387,False
Adaptation_Train,randomness_0.0360,0.0019191727,0.0014722794,0.00044689327,True
Adaptation_Train,randomness_0.0370,0.0006796904,0.0003132969,0.00036639348,True
Adaptation_Train,randomness_0.0380,0.0035235174,0.0039855205,-0.00046200305,False
Adaptation_Train,randomness_0.0390,0.0014401451,0.0019098781,-0.00046973303,False
Adaptation_Train,randomness_0.0400,0.00073626265,0.0011990778,-0.00046281517,False
Adaptation_Train,randomness_0.0480,0.0034366474,0.0030595027,0.00037714466,True
Adaptation_Train,randomness_0.0531,0.0010152534,0.0008479804,0.00016727298,True
Adaptation_Train,randomness_0.0541,0.0021589696,0.0025742762,-0.00041530654,False
Adaptation_Train,randomness_0.0551,0.0010196604,0.00059888884,0.00042077154,True
Adaptation_Train,randomness_0.0631,0.0022915937,0.0020153075,0.00027628615,True
Adaptation_Train,randomness_0.0671,0.0013262741,0.001712475,-0.00038620085,False
Adaptation_Train,randomness_0.0681,0.0030574016,0.003408257,-0.0003508553,False
Adaptation_Train,randomness_0.0801,6.122142e-05,0.00030202046,-0.00024079904,False
Adaptation_Train,randomness_0.0811,0.0010415204,0.0006889291,0.00035259128,True
Adaptation_Train,randomness_0.0821,0.0016758703,0.0013769865,0.00029888377,True
Adaptation_Train,randomness_0.0951,0.0012010261,0.001546435,-0.00034540892,False
Adaptation_Train,randomness_0.0961,0.0014845915,0.0012939274,0.00019066408,True
Adaptation_Train,randomness_0.0981,0.0032600872,0.0029746853,0.00028540194,True
Adaptation_Train,randomness_0.1001,0.0006085299,0.0008127354,-0.00020420551,False
Adaptation_Train,randomness_0.1481,0.004871711,0.004852932,1.8779188e-05,True
Adaptation_Train,randomness_0.1572,0.00054039434,0.0003674738,0.00017292053,True
Adaptation_Train,randomness_0.1942,0.0026105046,0.002603583,6.9215894e-06,True
Adaptation_Train,randomness_0.2052,0.0004951842,0.00035519898,0.00013998523,True
Adaptation_Train,randomness_0.2142,0.0031899922,0.003318604,-0.00012861192,False
Adaptation_Train,randomness_0.2152,0.0029941723,0.0030014217,-7.249415e-06,False
Adaptation_Train,randomness_0.2162,0.002011016,0.00216135,-0.00015033409,False
Adaptation_Train,randomness_0.2322,0.00092440844,0.000657402,0.00026700646,True
Adaptation_Train,randomness_0.3203,0.0033143125,0.0035711117,-0.00025679916,False
Adaptation_Train,randomness_0.3293,0.0040453896,0.0037020259,0.00034336373,True
Adaptation_Train,randomness_0.4044,0.0035403892,0.0030171387,0.00052325055,True
Adaptation_Train,randomness_0.4434,0.004654132,0.004145574,0.000508558,True
Adaptation_Validation,randomness_0.0040,0.0015695989,0.0011696666,0.00039993227,True
Adaptation_Validation,randomness_0.0070,0.0029279366,0.0024356209,0.00049231574,True
Adaptation_Validation,randomness_0.0100,0.0030152462,0.0034968518,-0.00048160553,False
Adaptation_Validation,randomness_0.0601,0.0009483099,0.00059102476,0.00035728514,True
Adaptation_Validation,randomness_0.1081,0.003318753,0.0035765395,-0.00025778636,False
Adaptation_Validation,randomness_0.1371,0.0018538348,0.0019474253,-9.359047e-05,False
Adaptation_Validation,randomness_0.2262,0.002924379,0.0026840381,0.00024034083,True
Adaptation_Validation,randomness_0.2663,0.001495909,0.0012050122,0.00029089674,True
Adaptation_Validation,randomness_0.3143,0.0006239824,0.00015135854,0.00047262385,True
Adaptation_Validation,randomness_0.3323,0.001074329,0.0013995394,-0.0003252104,False
OOD_Evaluation,randomness_0.0110,0.0014312975,0.0010145009,0.00041679665,True
OOD_Evaluation,randomness_0.0130,0.003027998,0.0033911131,-0.00036311522,False
OOD_Evaluation,randomness_0.0140,0.0014566593,0.0011890866,0.0002675727,True
OOD_Evaluation,randomness_0.0170,0.003618881,0.0031535737,0.00046530738,True
OOD_Evaluation,randomness_0.0180,0.0041852854,0.003697034,0.00048825145,True
OOD_Evaluation,randomness_0.0190,0.0015896447,0.0012247637,0.000364881,True
OOD_Evaluation,randomness_0.0210,0.004522616,0.003987232,0.0005353838,True
OOD_Evaluation,randomness_0.0220,0.00012834743,0.00063044205,-0.0005020946,False
OOD_Evaluation,randomness_0.0240,0.001583606,0.0020343661,-0.00045076013,False
OOD_Evaluation,randomness_0.0300,0.0022831,0.0027623922,-0.00047929212,False
OOD_Evaluation,randomness_0.0310,0.0019209199,0.002350282,-0.00042936206,False
OOD_Evaluation,randomness_0.0330,0.0014804825,0.0010828115,0.000397671,True
OOD_Evaluation,randomness_0.0340,0.0004031025,0.0006955154,-0.00029241294,False
OOD_Evaluation,randomness_0.0410,0.00070501864,0.0008983761,-0.00019335747,False
OOD_Evaluation,randomness_0.0450,4.9859285e-05,0.00040989742,-0.00036003813,False
OOD_Evaluation,randomness_0.0470,0.0011499077,0.0007652007,0.000384707,True
OOD_Evaluation,randomness_0.0490,0.0007908717,0.0012007505,-0.0004098788,False
OOD_Evaluation,randomness_0.0501,0.002531413,0.0028877854,-0.00035637245,False
OOD_Evaluation,randomness_0.0511,0.0012097135,0.00092253834,0.00028717518,True
OOD_Evaluation,randomness_0.0621,0.0021792836,0.002552785,-0.00037350133,False
OOD_Evaluation,randomness_0.0641,0.002636101,0.0029011257,-0.0002650246,False
OOD_Evaluation,randomness_0.0651,0.0030811802,0.002656877,0.0004243031,True
OOD_Evaluation,randomness_0.0691,0.0015788041,0.0011824444,0.0003963597,True
OOD_Evaluation,randomness_0.0711,0.00081906095,0.0005555935,0.00026346743,True
OOD_Evaluation,randomness_0.0761,0.0014933795,0.0017564893,-0.0002631098,False
OOD_Evaluation,randomness_0.0871,0.00027583912,0.0005214885,-0.00024564937,False
OOD_Evaluation,randomness_0.0881,0.0010565631,0.0012896433,-0.00023308024,False
OOD_Evaluation,randomness_0.0941,0.00083710253,0.0006194338,0.00021766871,True
OOD_Evaluation,randomness_0.0971,0.003100071,0.0033615902,-0.0002615191,False
OOD_Evaluation,randomness_0.0991,0.0028560013,0.0030998476,-0.00024384633,False
OOD_Evaluation,randomness_0.1051,0.002200637,0.0024478137,-0.00024717674,False
OOD_Evaluation,randomness_0.1091,0.0028654449,0.0029363334,-7.088855e-05,False
OOD_Evaluation,randomness_0.1101,0.0014470741,0.0011826158,0.00026445836,True
OOD_Evaluation,randomness_0.1261,0.0010356866,0.0008809827,0.00015470386,True
OOD_Evaluation,randomness_0.1291,0.0020466782,0.0019740388,7.2639436e-05,True
OOD_Evaluation,randomness_0.1391,0.001638744,0.0017162599,-7.751584e-05,False
OOD_Evaluation,randomness_0.1632,0.0011054091,0.0010875203,1.7888844e-05,True
OOD_Evaluation,randomness_0.1692,0.0036315806,0.0036949553,-6.337464e-05,False
OOD_Evaluation,randomness_0.1722,0.0051737987,0.005186025,-1.2226403e-05,False
OOD_Evaluation,randomness_0.1792,0.0021645986,0.0019983426,0.00016625598,True
OOD_Evaluation,randomness_0.2042,0.0012742504,0.001331389,-5.7138503e-05,False
OOD_Evaluation,randomness_0.2192,0.004174672,0.0041197203,5.4951757e-05,True
OOD_Evaluation,randomness_0.2212,0.00352069,0.0035879165,-6.722659e-05,False
OOD_Evaluation,randomness_0.2312,0.00062833726,0.000518132,0.00011020526,True
OOD_Evaluation,randomness_0.2332,0.0022139736,0.002396524,-0.0001825504,False
OOD_Evaluation,randomness_0.2432,0.00017002225,0.00011167303,5.8349222e-05,True
OOD_Evaluation,randomness_0.2973,0.0010441244,0.0008489974,0.00019512698,True
OOD_Evaluation,randomness_0.3243,0.00058566406,0.0010122769,-0.0004266128,False
OOD_Evaluation,randomness_0.3834,0.0038284734,0.0033729225,0.00045555085,True
OOD_Evaluation,randomness_0.4094,0.0022857785,0.001713179,0.00057259947,True
Prediction,randomness_0.0061,0.0016715936,0.0011731535,0.0004984401,True
Prediction,randomness_0.0153,0.0016751587,0.002147168,-0.00047200918,False
Prediction,randomness_0.0229,0.00042684004,0.00092913955,-0.0005022995,False
Prediction,randomness_0.1000,0.0034827366,0.0038587637,-0.00037602708,False
Prediction,randomness_0.1444,0.001166381,0.0012895279,-0.00012314692,False
Prediction,randomness_0.1889,0.001200404,0.0011481084,5.2295625e-05,True
Prediction,randomness_0.2333,0.003352847,0.0032293387,0.00012350827,True
Prediction,randomness_0.2778,0.0028639436,0.0030354522,-0.00017150864,False
Prediction,randomness_0.3222,0.0035593845,0.0030455552,0.0005138293,True
Prediction,randomness_0.3667,0.0029050894,0.00241917,0.00048591942,True
Prediction,randomness_0.4111,0.0013721287,0.0009545237,0.00041760504,True
Prediction,randomness_0.4556,0.007182285,0.006458925,0.0007233601,True
Prediction,randomness_0.5000,0.004033882,0.0036893226,0.00034455955,True
