Dataset,Sample_ID,Predicted_Stiffness,Actual_Stiffness,Residual,Absolute_Error
Train,randomness_0.6707,0.018997382,0.013140182,0.0058572004,0.0058572004
Train,randomness_0.5055,0.026650736,0.02937957,-0.0027288347,0.0027288347
Train,randomness_0.6126,0.019636799,0.018361054,0.0012757443,0.0012757443
Train,randomness_0.4374,0.030252064,0.033499017,-0.0032469537,0.0032469537
Train,randomness_0.9960,-0.00091861805,4.0171285e-06,-0.0009226352,0.0009226352
Train,randomness_0.3193,0.03778301,0.038503524,-0.0007205121,0.0007205121
Train,randomness_0.7698,0.013609587,0.016062032,-0.0024524452,0.0024524452
Train,randomness_0.2943,0.035522584,0.0351747,0.0003478825,0.0003478825
Train,randomness_0.8458,0.012972484,0.014509797,-0.0015373128,0.0015373128
Train,randomness_0.2823,0.03265858,0.034043245,-0.0013846643,0.0013846643
Train,randomness_0.9750,0.0031467706,0.0019632776,0.0011834931,0.0011834931
Train,randomness_0.8949,0.008084134,0.009462507,-0.0013783732,0.0013783732
Train,randomness_0.8749,0.011510326,0.014910312,-0.0033999868,0.0033999868
Train,randomness_0.5816,0.024010785,0.021542253,0.002468532,0.002468532
Train,randomness_0.9349,0.0022773568,0.003584034,-0.0013066772,0.0013066772
Train,randomness_0.5656,0.026330996,0.028524008,-0.0021930113,0.0021930113
Train,randomness_0.9079,0.002844575,0.0027059515,0.00013862364,0.00013862364
Train,randomness_0.9860,0.0012176683,0.0037341018,-0.0025164336,0.0025164336
Train,randomness_0.1702,0.03518283,0.04060626,-0.0054234304,0.0054234304
Train,randomness_0.9920,0.0015984433,0.00044456622,0.001153877,0.001153877
Train,randomness_0.4254,0.03719287,0.036131706,0.0010611638,0.0010611638
Train,randomness_0.3914,0.032363046,0.033319548,-0.0009565018,0.0009565018
Train,randomness_0.3013,0.039384447,0.03735286,0.002031587,0.002031587
Train,randomness_0.5405,0.023174006,0.020699108,0.0024748985,0.0024748985
Train,randomness_0.8839,0.0022201252,0.0023458574,-0.00012573227,0.00012573227
Train,randomness_0.1491,0.037373047,0.037821677,-0.00044862926,0.00044862926
Train,randomness_0.3614,0.033955287,0.033782132,0.00017315522,0.00017315522
Train,randomness_0.9299,0.0037810386,0.008820572,-0.0050395336,0.0050395336
Train,randomness_0.5285,0.028605394,0.026506325,0.0020990688,0.0020990688
Train,randomness_0.2252,0.035719562,0.036333296,-0.0006137341,0.0006137341
Train,randomness_0.6827,0.01521081,0.019791976,-0.0045811655,0.0045811655
Train,randomness_0.8438,0.007251037,0.011763064,-0.0045120274,0.0045120274
Train,randomness_0.4635,0.029126162,0.030458549,-0.0013323873,0.0013323873
Train,randomness_0.1331,0.038055252,0.041958667,-0.003903415,0.003903415
Train,randomness_0.8899,0.0057507693,0.0033995148,0.0023512545,0.0023512545
Train,randomness_0.3884,0.033429347,0.03420143,-0.0007720813,0.0007720813
Train,randomness_0.7037,0.01676873,0.020558883,-0.0037901532,0.0037901532
Train,randomness_0.9580,0.0087518925,0.0073206197,0.0014312728,0.0014312728
Train,randomness_0.5866,0.021831913,0.012966542,0.008865371,0.008865371
Train,randomness_0.3303,0.033198338,0.038768604,-0.0055702664,0.0055702664
Train,randomness_0.3463,0.02970223,0.028783506,0.00091872364,0.00091872364
Train,randomness_0.1151,0.036543,0.03385541,0.002687592,0.002687592
Train,randomness_0.7578,0.019331599,0.011428697,0.007902902,0.007902902
Train,randomness_0.4074,0.032150812,0.034113605,-0.0019627921,0.0019627921
Train,randomness_0.8098,0.012370944,0.013010042,-0.00063909777,0.00063909777
Train,randomness_0.3714,0.03399836,0.038782917,-0.004784558,0.004784558
Train,randomness_0.9950,0.0026139498,0.00621183,-0.00359788,0.00359788
Train,randomness_0.2543,0.033992983,0.036193646,-0.002200663,0.002200663
Train,randomness_0.6136,0.021685138,0.016047578,0.00563756,0.00563756
Train,randomness_0.0861,0.038222764,0.0385365,-0.0003137365,0.0003137365
Train,randomness_0.0841,0.034147855,0.03669371,-0.002545856,0.002545856
Train,randomness_0.7738,0.017809158,0.023136595,-0.005327437,0.005327437
Train,randomness_0.5045,0.029529791,0.029887406,-0.00035761483,0.00035761483
Train,randomness_0.6186,0.021228435,0.017141657,0.0040867776,0.0040867776
Train,randomness_0.5305,0.030155582,0.032495294,-0.0023397114,0.0023397114
Train,randomness_0.1852,0.036785793,0.040940337,-0.0041545443,0.0041545443
Train,randomness_0.1471,0.03661956,0.035047833,0.001571726,0.001571726
Train,randomness_0.5125,0.031350963,0.030470276,0.00088068657,0.00088068657
Train,randomness_0.4114,0.028431866,0.03225037,-0.0038185045,0.0038185045
Train,randomness_0.1532,0.0397416,0.039208267,0.0005333349,0.0005333349
Train,randomness_0.4204,0.029365655,0.029015003,0.00035065226,0.00035065226
Train,randomness_0.7497,0.0121311,0.007547419,0.0045836805,0.0045836805
Train,randomness_0.7938,0.012269835,0.019461995,-0.00719216,0.00719216
Train,randomness_0.4605,0.030650344,0.031072296,-0.00042195246,0.00042195246
Train,randomness_0.5876,0.027289687,0.024937013,0.0023526736,0.0023526736
Train,randomness_0.5646,0.019377796,0.022958765,-0.0035809688,0.0035809688
Train,randomness_0.0160,0.03513555,0.03379664,0.0013389103,0.0013389103
Train,randomness_0.1201,0.03794244,0.034612365,0.0033300743,0.0033300743
Train,randomness_0.8348,0.0109342495,0.012015759,-0.0010815095,0.0010815095
Train,randomness_0.5626,0.027586412,0.02902631,-0.0014398992,0.0014398992
Train,randomness_0.4224,0.028177721,0.026206478,0.001971243,0.001971243
Train,randomness_0.4675,0.031671565,0.03229384,-0.0006222762,0.0006222762
Train,randomness_0.1712,0.03766819,0.038015872,-0.00034768134,0.00034768134
Train,randomness_0.5445,0.021053504,0.021403866,-0.0003503617,0.0003503617
Train,randomness_0.6767,0.02306064,0.016484668,0.006575972,0.006575972
Train,randomness_0.9980,-0.001932359,0.00036402172,-0.0022963807,0.0022963807
Train,randomness_0.6787,0.01428883,0.017087284,-0.0027984548,0.0027984548
Train,randomness_0.8799,0.009806825,0.006994448,0.0028123767,0.0028123767
Train,randomness_0.0741,0.03667212,0.037086695,-0.00041457638,0.00041457638
Train,randomness_0.1552,0.034361932,0.03243972,0.0019222125,0.0019222125
Train,randomness_0.0280,0.04015007,0.04096852,-0.00081845,0.00081845
Train,randomness_0.4334,0.028224226,0.027807746,0.00041648,0.00041648
Train,randomness_0.3403,0.031792838,0.031929575,-0.00013673678,0.00013673678
Train,randomness_0.7788,0.008192089,0.010932997,-0.0027409075,0.0027409075
Train,randomness_0.4034,0.037157416,0.039175265,-0.0020178482,0.0020178482
Train,randomness_0.6917,0.019821452,0.015259852,0.0045616003,0.0045616003
Train,randomness_0.1952,0.036430154,0.034911152,0.001519002,0.001519002
Train,randomness_0.3874,0.030240318,0.029837083,0.00040323474,0.00040323474
Train,randomness_0.4154,0.034723155,0.03728085,-0.002557695,0.002557695
Train,randomness_0.0791,0.03987741,0.04086967,-0.0009922609,0.0009922609
Train,randomness_0.1211,0.039660655,0.037403673,0.002256982,0.002256982
Train,randomness_0.5175,0.028710755,0.03124664,-0.0025358852,0.0025358852
Train,randomness_0.6997,0.016201235,0.01648453,-0.0002832953,0.0002832953
Train,randomness_0.9510,0.0018039973,0.0052624433,-0.003458446,0.003458446
Train,randomness_0.4685,0.03166119,0.02796245,0.0036987402,0.0036987402
Train,randomness_0.1522,0.03806439,0.039435036,-0.0013706461,0.0013706461
Train,randomness_0.7297,0.009375726,0.010033259,-0.0006575333,0.0006575333
Train,randomness_0.4755,0.027693368,0.028500957,-0.0008075889,0.0008075889
Train,randomness_0.9630,0.010447001,0.0073247436,0.0031222575,0.0031222575
Train,randomness_0.5265,0.026895031,0.030388188,-0.0034931563,0.0034931563
Train,randomness_0.8879,0.011438895,0.009656587,0.0017823083,0.0017823083
Train,randomness_0.6697,0.014858588,0.019393645,-0.0045350576,0.0045350576
Train,randomness_0.7978,0.015050762,0.015716717,-0.0006659543,0.0006659543
Train,randomness_0.3824,0.0344238,0.040418595,-0.0059947968,0.0059947968
Train,randomness_0.8148,0.013073068,0.014725068,-0.0016519995,0.0016519995
Train,randomness_0.6396,0.018092103,0.019734249,-0.0016421452,0.0016421452
Train,randomness_0.4575,0.030275002,0.03150846,-0.0012334585,0.0012334585
Train,randomness_0.8689,0.006092902,0.0078018284,-0.0017089266,0.0017089266
Train,randomness_0.9459,0.009826518,0.007966063,0.0018604547,0.0018604547
Train,randomness_0.8188,0.0033110988,0.0071283053,-0.0038172065,0.0038172065
Train,randomness_0.4945,0.0335597,0.03228664,0.0012730584,0.0012730584
Train,randomness_0.6006,0.025861595,0.028103428,-0.0022418331,0.0022418331
Train,randomness_0.4655,0.03032619,0.034806535,-0.004480345,0.004480345
Train,randomness_0.8308,0.014123535,0.016763728,-0.0026401933,0.0026401933
Train,randomness_0.5826,0.024196614,0.025211977,-0.0010153633,0.0010153633
Train,randomness_0.5095,0.030591879,0.030094102,0.000497777,0.000497777
Train,randomness_0.5736,0.017264515,0.013183272,0.0040812427,0.0040812427
Train,randomness_0.3894,0.030104524,0.03240536,-0.002300838,0.002300838
Train,randomness_0.0230,0.036107782,0.039100427,-0.002992645,0.002992645
Train,randomness_0.5516,0.030857008,0.029977733,0.0008792747,0.0008792747
Train,randomness_0.2442,0.033152588,0.033717953,-0.00056536496,0.00056536496
Train,randomness_0.4515,0.030885546,0.028776608,0.0021089371,0.0021089371
Train,randomness_0.5295,0.025888236,0.022239706,0.0036485307,0.0036485307
Train,randomness_0.1762,0.038846914,0.03735711,0.0014898032,0.0014898032
Train,randomness_0.2893,0.030553011,0.025877267,0.004675744,0.004675744
Train,randomness_0.7137,0.014793265,0.014563925,0.00022934005,0.00022934005
Train,randomness_0.6286,0.02250833,0.020861505,0.001646826,0.001646826
Train,randomness_0.9159,0.0049499865,0.0091851605,-0.004235174,0.004235174
Train,randomness_0.4805,0.034893844,0.031478923,0.0034149215,0.0034149215
Train,randomness_0.3974,0.034301322,0.036115885,-0.0018145628,0.0018145628
Train,randomness_0.5165,0.03161552,0.030189974,0.0014255475,0.0014255475
Train,randomness_0.9790,0.002587843,0.0026478053,-5.9962273e-05,5.9962273e-05
Train,randomness_0.4184,0.03320421,0.035978116,-0.002773907,0.002773907
Train,randomness_0.0030,0.038075905,0.039879005,-0.0018031001,0.0018031001
Train,randomness_0.3504,0.034178816,0.03151576,0.0026630573,0.0026630573
Train,randomness_0.6076,0.01740935,0.01745625,-4.6899542e-05,4.6899542e-05
Train,randomness_0.5996,0.021789698,0.018588033,0.0032016654,0.0032016654
Train,randomness_0.3624,0.03406748,0.03853634,-0.0044688582,0.0044688582
Train,randomness_0.2472,0.04019325,0.042182777,-0.0019895285,0.0019895285
Train,randomness_0.6216,0.022537936,0.015622043,0.0069158925,0.0069158925
Train,randomness_0.9369,0.009116043,0.014390483,-0.005274439,0.005274439
Train,randomness_0.6677,0.020633446,0.0182146,0.002418846,0.002418846
Train,randomness_0.4314,0.03286674,0.032262072,0.00060466677,0.00060466677
Train,randomness_0.5325,0.027205398,0.02861733,-0.0014119316,0.0014119316
Train,randomness_0.4024,0.032490455,0.032847438,-0.0003569834,0.0003569834
Train,randomness_0.5365,0.025717814,0.021543404,0.0041744094,0.0041744094
Train,randomness_0.6266,0.01700134,0.022753084,-0.005751744,0.005751744
Train,randomness_0.5085,0.028886184,0.028596,0.00029018335,0.00029018335
Train,randomness_0.9940,0.009173338,0.010218608,-0.0010452699,0.0010452699
Train,randomness_0.4595,0.024647547,0.030316057,-0.0056685098,0.0056685098
Train,randomness_0.6857,0.016735194,0.01723839,-0.00050319545,0.00050319545
Train,randomness_0.7558,0.015060914,0.01837536,-0.0033144457,0.0033144457
Train,randomness_0.7598,0.012368228,0.011898438,0.00046978984,0.00046978984
Train,randomness_0.3033,0.03914905,0.039277703,-0.0001286529,0.0001286529
Train,randomness_0.9289,0.006175676,0.0024030705,0.0037726054,0.0037726054
Train,randomness_0.1502,0.03353854,0.025579093,0.007959446,0.007959446
Train,randomness_0.2362,0.03682897,0.035620075,0.001208894,0.001208894
Train,randomness_0.3554,0.037431937,0.03571184,0.0017200969,0.0017200969
Train,randomness_0.6947,0.018935109,0.020417798,-0.0014826898,0.0014826898
Train,randomness_0.9429,0.009665723,0.009411413,0.00025430974,0.00025430974
Train,randomness_0.4825,0.028951084,0.021664103,0.0072869807,0.0072869807
Train,randomness_0.5836,0.021841394,0.024796434,-0.00295504,0.00295504
Train,randomness_0.2122,0.038085964,0.040385786,-0.0022998229,0.0022998229
Train,randomness_0.5686,0.025828458,0.025578637,0.0002498217,0.0002498217
Train,randomness_0.6486,0.022424523,0.0230389,-0.00061437674,0.00061437674
Train,randomness_0.6066,0.032370534,0.026035048,0.0063354857,0.0063354857
Train,randomness_0.7538,0.021236124,0.018718895,0.002517229,0.002517229
Train,randomness_0.7387,0.008185689,0.009605105,-0.0014194157,0.0014194157
Train,randomness_0.8529,0.012533026,0.00876097,0.0037720557,0.0037720557
Train,randomness_0.3774,0.034286454,0.03498001,-0.0006935559,0.0006935559
Train,randomness_0.7878,0.005456719,0.0018202824,0.0036364365,0.0036364365
Train,randomness_0.8058,0.014188355,0.01569516,-0.0015068054,0.0015068054
Train,randomness_0.3934,0.03450199,0.032024175,0.0024778135,0.0024778135
Train,randomness_0.2613,0.034892436,0.036605384,-0.0017129481,0.0017129481
Train,randomness_0.9640,0.00050501653,0.0024172359,-0.0019122193,0.0019122193
Train,randomness_0.5676,0.02720696,0.02644017,0.00076678954,0.00076678954
Train,randomness_0.9129,0.00547374,0.0016242949,0.003849445,0.003849445
Train,randomness_0.9089,0.011554523,0.007706215,0.0038483082,0.0038483082
Train,randomness_0.1622,0.034419414,0.03623762,-0.0018182062,0.0018182062
Train,randomness_0.9419,0.0015540788,0.0034353111,-0.0018812324,0.0018812324
Train,randomness_0.2713,0.03708674,0.036977835,0.00010890514,0.00010890514
Train,randomness_0.9620,0.0056886165,0.010234272,-0.0045456556,0.0045456556
Train,randomness_0.9029,0.001167917,0.00023737676,0.00093054026,0.00093054026
Train,randomness_0.1381,0.038167834,0.04217237,-0.0040045343,0.0040045343
Train,randomness_0.2102,0.037465952,0.038845494,-0.001379542,0.001379542
Train,randomness_0.6987,0.012259642,0.01529431,-0.003034668,0.003034668
Train,randomness_0.5776,0.023753976,0.021534795,0.0022191815,0.0022191815
Train,randomness_0.2172,0.030403009,0.02963591,0.00076709874,0.00076709874
Train,randomness_0.2533,0.03414009,0.029505825,0.0046342667,0.0046342667
Train,randomness_0.0781,0.038081333,0.03505265,0.0030286834,0.0030286834
Train,randomness_0.5976,0.01925701,0.02245602,-0.0031990092,0.0031990092
Train,randomness_0.2833,0.036005765,0.038501084,-0.0024953187,0.0024953187
Train,randomness_0.4104,0.034821294,0.036109887,-0.0012885928,0.0012885928
Train,randomness_0.8238,0.013089145,0.013117153,-2.8008595e-05,2.8008595e-05
Train,randomness_0.7407,0.014957832,0.018954402,-0.0039965697,0.0039965697
Train,randomness_0.6376,0.018250644,0.020701574,-0.00245093,0.00245093
Train,randomness_0.2242,0.038632672,0.036051672,0.0025810003,0.0025810003
Train,randomness_0.2623,0.03218811,0.032847624,-0.0006595142,0.0006595142
Train,randomness_0.0200,0.040081333,0.041153472,-0.0010721385,0.0010721385
Train,randomness_0.6817,0.020880278,0.020483399,0.0003968794,0.0003968794
Train,randomness_0.4775,0.033028208,0.032741085,0.00028712302,0.00028712302
Train,randomness_0.1431,0.03629059,0.038629167,-0.002338577,0.002338577
Train,randomness_0.7187,0.015300278,0.015874678,-0.00057440065,0.00057440065
Train,randomness_0.4304,0.033562906,0.036138263,-0.0025753565,0.0025753565
Train,randomness_0.9870,0.00030182055,0.0015948688,-0.0012930483,0.0012930483
Train,randomness_0.2302,0.032084487,0.025725206,0.006359281,0.006359281
Train,randomness_0.3283,0.03450284,0.03453618,-3.3337623e-05,3.3337623e-05
Train,randomness_0.3113,0.03700428,0.03444492,0.0025593601,0.0025593601
Train,randomness_0.6847,0.019165972,0.014335015,0.0048309574,0.0048309574
Train,randomness_0.9039,0.007454382,0.009201961,-0.0017475788,0.0017475788
Train,randomness_0.2112,0.03969807,0.032996733,0.006701339,0.006701339
Train,randomness_0.8428,0.011724839,0.00740496,0.0043198788,0.0043198788
Train,randomness_0.4264,0.035303507,0.03668096,-0.0013774522,0.0013774522
Train,randomness_0.2753,0.038482815,0.037730817,0.0007519983,0.0007519983
Train,randomness_0.1031,0.037627753,0.038582213,-0.00095446035,0.00095446035
Train,randomness_0.6517,0.014871608,0.0147500085,0.00012159906,0.00012159906
Train,randomness_0.1842,0.038195614,0.037130717,0.0010648966,0.0010648966
Train,randomness_0.5255,0.026483743,0.028792882,-0.0023091398,0.0023091398
Train,randomness_0.1221,0.03753011,0.03364467,0.0038854405,0.0038854405
Train,randomness_0.7027,0.018918676,0.019320419,-0.00040174276,0.00040174276
Train,randomness_0.4505,0.03258865,0.03342718,-0.0008385293,0.0008385293
Train,randomness_0.6016,0.024276268,0.018236615,0.006039653,0.006039653
Train,randomness_0.0731,0.03687253,0.036315918,0.0005566105,0.0005566105
Train,randomness_0.7658,0.016050624,0.014382278,0.0016683461,0.0016683461
Train,randomness_0.5335,0.02327123,0.029988231,-0.006717002,0.006717002
Train,randomness_0.5395,0.026805857,0.025521712,0.0012841448,0.0012841448
Train,randomness_0.1171,0.035120264,0.035809666,-0.0006894022,0.0006894022
Train,randomness_0.5115,0.031393014,0.03142778,-3.476441e-05,3.476441e-05
Train,randomness_0.9239,0.0057266834,0.0067503634,-0.00102368,0.00102368
Train,randomness_0.8208,0.008760824,0.00095010677,0.007810717,0.007810717
Train,randomness_0.3604,0.034522045,0.03747727,-0.0029552244,0.0029552244
Train,randomness_0.7928,0.016352694,0.01924452,-0.0028918255,0.0028918255
Train,randomness_0.7177,0.016988344,0.016559172,0.00042917207,0.00042917207
Train,randomness_0.8038,0.018106682,0.015594173,0.002512509,0.002512509
Train,randomness_0.4555,0.03370174,0.034963246,-0.0012615062,0.0012615062
Train,randomness_0.0581,0.0348079,0.03904103,-0.0042331293,0.0042331293
Train,randomness_0.9449,0.008020681,0.0048897485,0.0031309328,0.0031309328
Train,randomness_0.4414,0.03116164,0.027806059,0.0033555813,0.0033555813
Train,randomness_0.1542,0.034456775,0.032419074,0.0020377003,0.0020377003
Train,randomness_0.1281,0.035094175,0.037005194,-0.001911018,0.001911018
Train,randomness_0.3684,0.033611625,0.037976578,-0.0043649524,0.0043649524
Train,randomness_0.3814,0.035919823,0.036634207,-0.000714384,0.000714384
Train,randomness_0.4625,0.026945267,0.02410534,0.0028399266,0.0028399266
Train,randomness_0.9900,0.00574501,0.005648866,9.6144155e-05,9.6144155e-05
Train,randomness_0.0430,0.03438817,0.02858588,0.0058022905,0.0058022905
Train,randomness_0.2723,0.03605494,0.040741153,-0.004686214,0.004686214
Train,randomness_0.4885,0.03118171,0.0310669,0.00011480972,0.00011480972
Train,randomness_0.8218,0.010790523,0.008482544,0.0023079794,0.0023079794
Train,randomness_0.3153,0.035413843,0.03247751,0.0029363334,0.0029363334
Train,randomness_0.6587,0.021446506,0.022021502,-0.0005749967,0.0005749967
Train,randomness_0.7337,0.012549086,0.009780189,0.0027688965,0.0027688965
Train,randomness_0.7447,0.010769697,0.013013142,-0.0022434453,0.0022434453
Train,randomness_0.6306,0.018502662,0.016814481,0.0016881805,0.0016881805
Train,randomness_0.6276,0.019229138,0.01804994,0.0011791978,0.0011791978
Train,randomness_0.7367,0.011805242,0.012387336,-0.0005820943,0.0005820943
Train,randomness_0.2653,0.03455259,0.03422939,0.00032319874,0.00032319874
Train,randomness_0.7047,0.01345911,0.011111519,0.0023475904,0.0023475904
Train,randomness_0.5465,0.025695361,0.024346508,0.0013488531,0.0013488531
Train,randomness_0.5205,0.027113853,0.026270319,0.00084353425,0.00084353425
Train,randomness_0.2523,0.030609006,0.032692835,-0.0020838287,0.0020838287
Train,randomness_0.3443,0.03371965,0.034853823,-0.0011341721,0.0011341721
Train,randomness_0.8408,0.0071547194,0.0042033824,0.002951337,0.002951337
Train,randomness_0.8939,0.008672526,0.0063934135,0.0022791126,0.0022791126
Train,randomness_0.1441,0.037139673,0.037763443,-0.00062377006,0.00062377006
Train,randomness_0.1892,0.038685698,0.03733005,0.001355648,0.001355648
Train,randomness_0.6146,0.02474083,0.024798311,-5.748123e-05,5.748123e-05
Train,randomness_0.5956,0.02405427,0.021688737,0.0023655333,0.0023655333
Train,randomness_0.1802,0.035589565,0.036242012,-0.00065244734,0.00065244734
Train,randomness_0.1902,0.034064718,0.03346493,0.00059978664,0.00059978664
Train,randomness_0.5506,0.022174092,0.02274659,-0.0005724989,0.0005724989
Train,randomness_0.1652,0.03362437,0.03522302,-0.0015986487,0.0015986487
Train,randomness_0.8979,0.00683416,0.0049190684,0.0019150916,0.0019150916
Train,randomness_0.1612,0.0384949,0.03506017,0.0034347288,0.0034347288
Train,randomness_0.4354,0.026685923,0.024916228,0.0017696954,0.0017696954
Train,randomness_0.9890,-0.00052115193,0.0021309082,-0.0026520602,0.0026520602
Train,randomness_0.9249,0.0072450447,0.002747062,0.0044979826,0.0044979826
Train,randomness_0.9359,0.0017727757,0.000115034505,0.0016577411,0.0016577411
Train,randomness_0.6476,0.01962642,0.018290073,0.0013363473,0.0013363473
Train,randomness_0.6527,0.016718833,0.016307538,0.0004112944,0.0004112944
Train,randomness_0.1672,0.034891088,0.035535324,-0.0006442368,0.0006442368
Train,randomness_0.0420,0.039282538,0.037329197,0.001953341,0.001953341
Train,randomness_0.9990,0.0060785334,0.002575747,0.0035027864,0.0035027864
Train,randomness_0.1061,0.038093638,0.040628143,-0.002534505,0.002534505
Train,randomness_0.1041,0.0341564,0.035862867,-0.0017064661,0.0017064661
Train,randomness_0.4284,0.031468365,0.028357964,0.0031104013,0.0031104013
Train,randomness_0.2563,0.03604421,0.03834844,-0.00230423,0.00230423
Train,randomness_0.8859,0.008399381,0.0047661676,0.0036332137,0.0036332137
Train,randomness_0.6416,0.021682983,0.020451542,0.0012314413,0.0012314413
Train,randomness_0.8228,0.0057260725,0.00196563,0.0037604424,0.0037604424
Train,randomness_0.9489,0.005909718,0.0044023744,0.0015073437,0.0015073437
Train,randomness_0.2683,0.034528617,0.035011947,-0.00048333034,0.00048333034
Train,randomness_0.6877,0.013423535,0.009283123,0.0041404124,0.0041404124
Train,randomness_0.8909,0.0013209725,0.001553127,-0.0002321545,0.0002321545
Train,randomness_0.6977,0.017597953,0.022137256,-0.0045393035,0.0045393035
Train,randomness_0.2673,0.03659977,0.035038076,0.0015616938,0.0015616938
Train,randomness_0.7958,0.016903862,0.021328062,-0.0044241995,0.0044241995
Train,randomness_0.8158,0.010583245,0.009470949,0.0011122962,0.0011122962
Train,randomness_0.8178,0.0060913838,0.008440894,-0.0023495103,0.0023495103
Train,randomness_0.4835,0.02593767,0.027291203,-0.0013535321,0.0013535321
Train,randomness_0.3534,0.03133413,0.030192144,0.001141984,0.001141984
Train,randomness_0.5425,0.025214955,0.027857332,-0.0026423763,0.0026423763
Train,randomness_0.4344,0.031379342,0.02763989,0.003739452,0.003739452
Train,randomness_0.8168,0.010485523,0.0062795407,0.0042059827,0.0042059827
Train,randomness_0.0521,0.03913999,0.04116727,-0.0020272806,0.0020272806
Train,randomness_0.0050,0.038682282,0.035464466,0.0032178164,0.0032178164
Train,randomness_0.7628,0.0059904656,0.002225225,0.0037652405,0.0037652405
Train,randomness_0.3524,0.030548768,0.028005721,0.002543047,0.002543047
Train,randomness_0.5566,0.02153707,0.02577628,-0.004239211,0.004239211
Train,randomness_0.5786,0.022741355,0.020693403,0.0020479523,0.0020479523
Train,randomness_0.8739,0.0050577293,0.0048661954,0.00019153394,0.00019153394
Train,randomness_0.4935,0.024418715,0.027485022,-0.003066307,0.003066307
Train,randomness_0.3133,0.037613448,0.03651763,0.0010958165,0.0010958165
Train,randomness_0.6296,0.020672537,0.02196435,-0.0012918133,0.0012918133
Train,randomness_0.5576,0.022621445,0.025094671,-0.0024732258,0.0024732258
Train,randomness_0.5245,0.02669997,0.026617823,8.214638e-05,8.214638e-05
Train,randomness_0.4234,0.03393326,0.03542095,-0.001487691,0.001487691
Train,randomness_0.6346,0.019962197,0.017742071,0.0022201259,0.0022201259
Train,randomness_0.0260,0.03787803,0.035042357,0.0028356723,0.0028356723
Train,randomness_0.3453,0.030664159,0.033754922,-0.0030907635,0.0030907635
Train,randomness_0.0701,0.03670403,0.036181767,0.00052226335,0.00052226335
Train,randomness_0.4565,0.03432377,0.035312675,-0.0009889044,0.0009889044
Train,randomness_0.3123,0.034025263,0.03714392,-0.0031186566,0.0031186566
Train,randomness_0.7057,0.016509222,0.016335012,0.00017420948,0.00017420948
Train,randomness_0.8729,0.0048326026,0.002155251,0.0026773515,0.0026773515
Train,randomness_0.9840,0.00070270465,0.0069820206,-0.006279316,0.006279316
Train,randomness_0.6326,0.019922478,0.021246225,-0.0013237465,0.0013237465
Train,randomness_0.4394,0.032913163,0.03249325,0.00041991472,0.00041991472
Train,randomness_0.8498,0.015802773,0.016402628,-0.00059985556,0.00059985556
Train,randomness_0.6236,0.01572769,0.013469313,0.0022583762,0.0022583762
Train,randomness_0.2933,0.0336597,0.03169338,0.00196632,0.00196632
Train,randomness_0.3333,0.034918677,0.037249338,-0.0023306608,0.0023306608
Train,randomness_0.1662,0.037501913,0.040628247,-0.0031263344,0.0031263344
Train,randomness_0.6386,0.01183917,0.008083043,0.0037561273,0.0037561273
Train,randomness_0.5455,0.028708592,0.027206672,0.0015019197,0.0015019197
Train,randomness_0.7828,0.011226677,0.012434925,-0.0012082476,0.0012082476
Train,randomness_0.3804,0.03392588,0.038123753,-0.004197873,0.004197873
Train,randomness_0.2743,0.03700994,0.037886556,-0.0008766167,0.0008766167
Train,randomness_0.8999,0.0025756129,0.00016071588,0.002414897,0.002414897
Train,randomness_0.5345,0.02256355,0.018586343,0.0039772075,0.0039772075
Train,randomness_0.8358,-0.00073662645,0.004261825,-0.004998451,0.004998451
Train,randomness_0.2412,0.03709467,0.03526365,0.0018310212,0.0018310212
Train,randomness_0.1451,0.03378681,0.037437886,-0.003651075,0.003651075
Train,randomness_0.9800,0.005469655,0.0037679274,0.0017017277,0.0017017277
Train,randomness_0.6547,0.018567652,0.012970505,0.005597146,0.005597146
Train,randomness_0.3734,0.035306983,0.034813218,0.0004937649,0.0004937649
Train,randomness_0.1361,0.038113836,0.036972124,0.0011417121,0.0011417121
Train,randomness_0.6687,0.022816304,0.016603036,0.0062132683,0.0062132683
Train,randomness_0.2783,0.035659168,0.034415048,0.0012441203,0.0012441203
Train,randomness_0.3674,0.03181183,0.032921474,-0.0011096448,0.0011096448
Train,randomness_0.7678,0.012823929,0.012096458,0.00072747096,0.00072747096
Train,randomness_0.6597,0.02281384,0.024641741,-0.0018279012,0.0018279012
Train,randomness_0.3313,0.033972405,0.040446874,-0.006474469,0.006474469
Train,randomness_0.1602,0.03695542,0.035402033,0.0015533864,0.0015533864
Train,randomness_0.8929,0.0072717736,0.007682986,-0.00041121244,0.00041121244
Train,randomness_0.1932,0.03741503,0.036546934,0.00086809695,0.00086809695
Train,randomness_0.2022,0.03740275,0.03950828,-0.0021055304,0.0021055304
Train,randomness_0.8378,0.010461528,0.006515277,0.003946251,0.003946251
Train,randomness_0.3864,0.029818725,0.033158023,-0.003339298,0.003339298
Train,randomness_0.3343,0.03765577,0.038422246,-0.00076647475,0.00076647475
Train,randomness_0.0000,0.041520517,0.042373084,-0.0008525662,0.0008525662
Train,randomness_0.9910,0.0049704365,0.0043620295,0.00060840696,0.00060840696
Train,randomness_0.7017,0.017995197,0.01802411,-2.8911978e-05,2.8911978e-05
Train,randomness_0.9560,0.0047586053,0.0064417063,-0.001683101,0.001683101
Train,randomness_0.4955,0.02775812,0.030335883,-0.002577763,0.002577763
Train,randomness_0.6356,0.019872876,0.015841074,0.0040318016,0.0040318016
Train,randomness_0.2032,0.03789273,0.034935102,0.0029576272,0.0029576272
Train,randomness_0.3744,0.03679523,0.035450462,0.0013447665,0.0013447665
Train,randomness_0.7968,0.007605213,0.013510099,-0.0059048855,0.0059048855
Train,randomness_0.1922,0.0328998,0.032917187,-1.738593e-05,1.738593e-05
Train,randomness_0.3213,0.035366386,0.034167048,0.0011993386,0.0011993386
Train,randomness_0.9139,0.011885256,0.011812383,7.2872266e-05,7.2872266e-05
Train,randomness_0.7608,0.009741517,0.0111831,-0.001441583,0.001441583
Train,randomness_0.1231,0.037819162,0.0363205,0.0014986619,0.0014986619
Train,randomness_0.8849,0.007686024,0.0015759462,0.0061100777,0.0061100777
Train,randomness_0.3704,0.03380246,0.029763501,0.0040389597,0.0040389597
Train,randomness_0.4174,0.03703429,0.03920171,-0.0021674186,0.0021674186
Train,randomness_0.7307,0.011341303,0.015375953,-0.0040346505,0.0040346505
Train,randomness_0.2292,0.03977167,0.03931361,0.00045805797,0.00045805797
Train,randomness_0.8138,0.009349275,0.010993143,-0.0016438672,0.0016438672
Train,randomness_0.6957,0.022474932,0.024369473,-0.0018945411,0.0018945411
Train,randomness_0.9169,-0.002999014,0.0016614714,-0.0046604853,0.0046604853
Train,randomness_0.8819,0.00833287,0.007197428,0.0011354419,0.0011354419
Train,randomness_0.4695,0.03400703,0.03106732,0.0029397123,0.0029397123
Train,randomness_0.3644,0.038127746,0.04110735,-0.0029796027,0.0029796027
Train,randomness_0.7287,0.012101259,0.01202896,7.22995e-05,7.22995e-05
Train,randomness_0.4054,0.034967,0.036738995,-0.0017719939,0.0017719939
Train,randomness_0.5235,0.02685657,0.029830385,-0.0029738154,0.0029738154
Train,randomness_0.4084,0.031626426,0.0335709,-0.0019444749,0.0019444749
Train,randomness_0.4545,0.025779476,0.028925383,-0.003145907,0.003145907
Train,randomness_0.1121,0.038737286,0.041037917,-0.0023006313,0.0023006313
Train,randomness_0.4494,0.03057679,0.036078416,-0.005501626,0.005501626
Train,randomness_0.4715,0.030945154,0.032521676,-0.0015765224,0.0015765224
Train,randomness_0.5796,0.02238021,0.026467739,-0.004087528,0.004087528
Train,randomness_0.6807,0.016769588,0.016092446,0.0006771423,0.0006771423
Train,randomness_0.3574,0.03665132,0.034528308,0.0021230131,0.0021230131
Train,randomness_0.2853,0.036601815,0.034171417,0.002430398,0.002430398
Train,randomness_1.0000,0.009975108,0.012490388,-0.0025152797,0.0025152797
Train,randomness_0.8509,0.014107438,0.021210233,-0.007102795,0.007102795
Train,randomness_0.1832,0.03702416,0.03615012,0.0008740388,0.0008740388
Train,randomness_0.9760,0.013350724,0.015389768,-0.0020390442,0.0020390442
Train,randomness_0.1251,0.04205411,0.04152243,0.0005316809,0.0005316809
Train,randomness_0.7918,0.011338376,0.013934348,-0.0025959713,0.0025959713
Train,randomness_0.3594,0.037841324,0.04251065,-0.0046693273,0.0046693273
Train,randomness_0.6727,0.018068476,0.016427893,0.0016405825,0.0016405825
Train,randomness_0.1752,0.037734017,0.035909656,0.0018243603,0.0018243603
Train,randomness_0.5435,0.02134422,0.016574578,0.004769642,0.004769642
Train,randomness_0.5906,0.025725417,0.017669577,0.00805584,0.00805584
Train,randomness_0.7117,0.0148514975,0.017044183,-0.0021926854,0.0021926854
Train,randomness_0.9069,0.0060632615,0.008713114,-0.0026498525,0.0026498525
Train,randomness_0.8989,0.0071330196,0.0069070864,0.00022593327,0.00022593327
Train,randomness_0.2583,0.03977268,0.041980375,-0.0022076964,0.0022076964
Train,randomness_0.2693,0.03573353,0.036282245,-0.00054871663,0.00054871663
Train,randomness_0.4014,0.03017265,0.027523119,0.0026495308,0.0026495308
Train,randomness_0.4404,0.033301044,0.03419889,-0.0008978471,0.0008978471
Train,randomness_0.9680,0.0023042087,0.00227913,2.5078654e-05,2.5078654e-05
Train,randomness_0.2372,0.041200615,0.04343937,-0.0022387542,0.0022387542
Train,randomness_0.2012,0.037367847,0.039213613,-0.0018457659,0.0018457659
Train,randomness_0.8088,0.008571868,0.0065209433,0.0020509246,0.0020509246
Train,randomness_0.1161,0.035038102,0.03399458,0.0010435209,0.0010435209
Train,randomness_0.4535,0.03320442,0.027439872,0.0057645496,0.0057645496
Train,randomness_0.9309,0.012487655,0.012189057,0.00029859785,0.00029859785
Train,randomness_0.2272,0.037773576,0.036879722,0.0008938536,0.0008938536
Train,randomness_0.5706,0.023184456,0.01950498,0.0036794767,0.0036794767
Train,randomness_0.4995,0.027831197,0.027025048,0.0008061491,0.0008061491
Train,randomness_0.9520,0.0022917197,0.004638826,-0.0023471063,0.0023471063
Train,randomness_0.4194,0.030741045,0.03153951,-0.0007984657,0.0007984657
Train,randomness_0.0591,0.037530318,0.03824209,-0.0007117726,0.0007117726
Train,randomness_0.9119,0.004817586,0.005497934,-0.0006803479,0.0006803479
Train,randomness_0.8128,0.01451079,0.00991058,0.00460021,0.00460021
Train,randomness_0.8288,0.01498763,0.01823115,-0.00324352,0.00324352
Train,randomness_0.5075,0.030463044,0.03322716,-0.002764117,0.002764117
Train,randomness_0.9219,0.0025386785,0.0021554318,0.0003832467,0.0003832467
Train,randomness_0.0931,0.034766853,0.03362602,0.0011408329,0.0011408329
Train,randomness_0.2643,0.035380173,0.034887474,0.00049269944,0.00049269944
Train,randomness_0.3413,0.037203893,0.0380416,-0.00083770603,0.00083770603
Train,randomness_0.8468,0.01195781,0.01294059,-0.00098278,0.00098278
Train,randomness_0.7067,0.014899257,0.016877105,-0.0019778488,0.0019778488
Train,randomness_0.7798,0.019693092,0.024554094,-0.004861003,0.004861003
Train,randomness_0.8709,0.005613416,0.0052027307,0.00041068532,0.00041068532
Train,randomness_0.2422,0.034891687,0.03479223,9.94578e-05,9.94578e-05
Train,randomness_0.3844,0.035398316,0.028908059,0.0064902566,0.0064902566
Train,randomness_0.6446,0.02447914,0.019114641,0.005364498,0.005364498
Train,randomness_0.0571,0.036914393,0.038985386,-0.0020709932,0.0020709932
Train,randomness_0.2062,0.036271572,0.03864828,-0.0023767091,0.0023767091
Train,randomness_0.4214,0.031241894,0.031949773,-0.00070787966,0.00070787966
Train,randomness_0.3514,0.030011896,0.034423813,-0.004411917,0.004411917
Train,randomness_0.6967,0.017479917,0.0180574,-0.0005774833,0.0005774833
Train,randomness_0.9660,0.011430012,0.01300898,-0.001578968,0.001578968
Train,randomness_0.2803,0.03429979,0.034028586,0.00027120486,0.00027120486
Train,randomness_0.1912,0.034354217,0.031037698,0.0033165198,0.0033165198
Train,randomness_0.6577,0.020805238,0.019710448,0.0010947902,0.0010947902
Train,randomness_0.2703,0.03421223,0.039744284,-0.0055320524,0.0055320524
Train,randomness_0.3984,0.035772055,0.03320875,0.0025633052,0.0025633052
Train,randomness_0.7848,0.012428497,0.010785781,0.0016427161,0.0016427161
Train,randomness_0.7437,0.017984314,0.018680247,-0.00069593266,0.00069593266
Train,randomness_0.8328,0.0065344865,0.0027842626,0.003750224,0.003750224
Train,randomness_0.7207,0.018424662,0.018042969,0.00038169324,0.00038169324
Train,randomness_0.9389,0.0071347742,0.0035896779,0.0035450964,0.0035450964
Train,randomness_0.6176,0.020234715,0.025575057,-0.0053403415,0.0053403415
Train,randomness_0.9850,-9.971124e-07,0.00010751128,-0.00010850839,0.00010850839
Train,randomness_0.1111,0.037893713,0.037415717,0.00047799572,0.00047799572
Train,randomness_0.9149,0.0044848653,0.007898775,-0.0034139096,0.0034139096
Train,randomness_0.2462,0.039768293,0.03802321,0.0017450824,0.0017450824
Train,randomness_0.7708,0.015291906,0.014303667,0.0009882394,0.0009882394
Train,randomness_0.2603,0.038263187,0.041734017,-0.0034708306,0.0034708306
Train,randomness_0.0561,0.033169307,0.028705804,0.004463503,0.004463503
Train,randomness_0.6116,0.018095762,0.019781152,-0.0016853902,0.0016853902
Train,randomness_0.1141,0.038027514,0.038021635,5.878508e-06,5.878508e-06
Train,randomness_0.9830,0.007781789,0.0038067095,0.0039750794,0.0039750794
Train,randomness_0.8559,0.006611531,0.007648084,-0.0010365527,0.0010365527
Train,randomness_0.6156,0.019082118,0.018528767,0.0005533509,0.0005533509
Train,randomness_0.7217,0.017507173,0.02059568,-0.0030885078,0.0030885078
Train,randomness_0.5806,0.025232863,0.023485098,0.0017477646,0.0017477646
Train,randomness_0.3794,0.033287607,0.029923553,0.0033640545,0.0033640545
Train,randomness_0.6937,0.018151993,0.014923347,0.0032286458,0.0032286458
Train,randomness_0.3173,0.03446185,0.028331775,0.006130073,0.006130073
Train,randomness_0.0751,0.034889158,0.035322875,-0.00043371692,0.00043371692
Train,randomness_0.8048,0.015280121,0.012056064,0.0032240571,0.0032240571
Train,randomness_0.5375,0.02565232,0.030098563,-0.004446244,0.004446244
Train,randomness_0.9530,-0.0033191654,0.00014722101,-0.0034663863,0.0034663863
Train,randomness_0.4645,0.029916529,0.023601342,0.0063151866,0.0063151866
Train,randomness_0.3223,0.035459742,0.03641776,-0.000958018,0.000958018
Train,randomness_0.0921,0.03506857,0.0277101,0.007358471,0.007358471
Train,randomness_0.9670,0.002214567,0.0012709995,0.0009435675,0.0009435675
Train,randomness_0.4745,0.029032012,0.029107023,-7.501058e-05,7.501058e-05
Train,randomness_0.5696,0.02545241,0.025160845,0.00029156543,0.00029156543
Train,randomness_0.9690,0.0056031006,0.0039310674,0.0016720332,0.0016720332
Train,randomness_0.8649,0.0057356744,0.00030243708,0.005433237,0.005433237
Train,randomness_0.7568,0.017607456,0.011287106,0.00632035,0.00632035
Train,randomness_0.2843,0.03361378,0.031016491,0.0025972873,0.0025972873
Train,randomness_0.8669,0.0033057195,0.0005507333,0.0027549863,0.0027549863
Train,randomness_0.9259,0.003659447,0.0031234391,0.0005360078,0.0005360078
Train,randomness_0.6036,0.024371017,0.028266057,-0.0038950406,0.0038950406
Train,randomness_0.9710,0.009448133,0.0071078776,0.0023402558,0.0023402558
Train,randomness_0.9650,0.007874343,0.0041051055,0.003769237,0.003769237
Train,randomness_0.6797,0.012970415,0.007954436,0.0050159786,0.0050159786
Train,randomness_0.9700,0.0050582285,0.0022105828,0.0028476457,0.0028476457
Train,randomness_0.2513,0.03977619,0.04104566,-0.0012694672,0.0012694672
Train,randomness_0.7357,0.020771032,0.018813131,0.0019579008,0.0019579008
Train,randomness_0.2402,0.033298615,0.03202851,0.0012701042,0.0012701042
Train,randomness_0.7167,0.0115437005,0.016387207,-0.004843507,0.004843507
Train,randomness_0.7347,0.016127331,0.014696485,0.0014308458,0.0014308458
Train,randomness_0.7808,0.011286657,0.010285254,0.0010014037,0.0010014037
Train,randomness_0.1872,0.038759504,0.038952477,-0.00019297376,0.00019297376
Train,randomness_0.3183,0.032950167,0.032574255,0.0003759116,0.0003759116
Train,randomness_0.7227,0.015359375,0.011539785,0.0038195895,0.0038195895
Train,randomness_0.1782,0.03513,0.03770473,-0.002574727,0.002574727
Train,randomness_0.5215,0.028101271,0.0249421,0.003159171,0.003159171
Train,randomness_0.5195,0.026091862,0.028196754,-0.0021048915,0.0021048915
Train,randomness_0.6867,0.01794818,0.017893545,5.4635108e-05,5.4635108e-05
Train,randomness_0.1962,0.033706233,0.036588345,-0.0028821118,0.0028821118
Train,randomness_0.1191,0.038826916,0.036627974,0.002198942,0.002198942
Train,randomness_0.2392,0.035660762,0.038705837,-0.0030450746,0.0030450746
Train,randomness_0.5035,0.03018527,0.030225132,-3.986247e-05,3.986247e-05
Train,randomness_0.9479,0.0034214084,0.00990503,-0.006483622,0.006483622
Train,randomness_0.2983,0.03282264,0.03479304,-0.001970403,0.001970403
Train,randomness_0.8589,0.011084113,0.016439507,-0.0053553935,0.0053553935
Train,randomness_0.9540,0.011861177,0.008422486,0.0034386916,0.0034386916
Train,randomness_0.0250,0.041448917,0.041175444,0.00027347356,0.00027347356
Train,randomness_0.8599,0.0018547451,0.003044638,-0.001189893,0.001189893
Train,randomness_0.0911,0.037733544,0.039857537,-0.002123993,0.002123993
Train,randomness_0.5526,0.023101138,0.02248301,0.0006181281,0.0006181281
Train,randomness_0.3493,0.035832386,0.037594624,-0.0017622374,0.0017622374
Train,randomness_0.4004,0.03371432,0.0340888,-0.00037448108,0.00037448108
Train,randomness_0.7728,0.010195644,0.012129997,-0.0019343533,0.0019343533
Train,randomness_0.6717,0.02201813,0.015483949,0.0065341815,0.0065341815
Train,randomness_0.7237,0.012501182,0.0093111135,0.0031900685,0.0031900685
Train,randomness_0.7898,0.012818579,0.0140458755,-0.0012272969,0.0012272969
Train,randomness_0.7508,0.014470329,0.018287754,-0.003817425,0.003817425
Train,randomness_0.3584,0.03135023,0.031938393,-0.00058816373,0.00058816373
Train,randomness_0.7107,0.016078712,0.01565825,0.00042046234,0.00042046234
Train,randomness_0.3944,0.03445964,0.034263257,0.0001963824,0.0001963824
Train,randomness_0.5145,0.026577571,0.027306255,-0.00072868355,0.00072868355
Train,randomness_0.2382,0.0367808,0.03642614,0.0003546588,0.0003546588
Train,randomness_0.8108,0.007154807,0.0093205515,-0.0021657445,0.0021657445
Train,randomness_0.8969,-0.00027112165,0.0020905782,-0.0023617,0.0023617
Train,randomness_0.6507,0.017959759,0.017668094,0.00029166415,0.00029166415
Train,randomness_0.5886,0.021515572,0.024173928,-0.002658356,0.002658356
Train,randomness_0.2352,0.03796052,0.03966415,-0.0017036311,0.0017036311
Train,randomness_0.2342,0.032830257,0.03766435,-0.004834093,0.004834093
Train,randomness_0.7518,0.009818566,0.017296968,-0.007478402,0.007478402
Train,randomness_0.9339,0.010916872,0.01248492,-0.0015680483,0.0015680483
Train,randomness_0.7668,0.015781935,0.01503153,0.0007504057,0.0007504057
Train,randomness_0.4484,0.02880123,0.032363314,-0.0035620835,0.0035620835
Train,randomness_0.5636,0.02214551,0.023262871,-0.0011173617,0.0011173617
Train,randomness_0.4244,0.032683417,0.029443877,0.0032395404,0.0032395404
Train,randomness_0.2763,0.035149414,0.03630343,-0.0011540167,0.0011540167
Train,randomness_0.2002,0.035976585,0.036773834,-0.0007972494,0.0007972494
Train,randomness_0.8659,0.011046036,0.009412657,0.0016333796,0.0016333796
Train,randomness_0.7087,0.0132504,0.009352295,0.0038981056,0.0038981056
Train,randomness_0.2282,0.0373395,0.037266996,7.2505325e-05,7.2505325e-05
Train,randomness_0.9600,0.006761679,0.014700688,-0.007939009,0.007939009
Train,randomness_0.2873,0.037600752,0.03887173,-0.0012709796,0.0012709796
Train,randomness_0.7097,0.018310087,0.018646166,-0.00033607893,0.00033607893
Train,randomness_0.3754,0.03533033,0.035065413,0.00026491657,0.00026491657
Train,randomness_0.3904,0.03473606,0.039191507,-0.004455447,0.004455447
Train,randomness_0.5005,0.028614005,0.026770124,0.0018438809,0.0018438809
Train,randomness_0.1992,0.03488898,0.032687508,0.0022014715,0.0022014715
Train,randomness_0.2733,0.032411158,0.034005165,-0.001594007,0.001594007
Train,randomness_0.2923,0.035566952,0.03446766,0.0010992922,0.0010992922
Train,randomness_0.5385,0.02373958,0.021895759,0.0018438213,0.0018438213
Train,randomness_0.3423,0.033805322,0.029894872,0.0039104503,0.0039104503
Train,randomness_0.5155,0.025614196,0.028601315,-0.0029871184,0.0029871184
Train,randomness_0.8959,0.0025405094,0.0034316268,-0.0008911174,0.0008911174
Train,randomness_0.2082,0.037328545,0.035897374,0.0014311709,0.0014311709
Train,randomness_0.7377,0.010776688,0.008612159,0.0021645296,0.0021645296
Train,randomness_0.5025,0.028166661,0.024418652,0.003748009,0.003748009
Train,randomness_0.8068,0.012409605,0.013894968,-0.0014853626,0.0014853626
Train,randomness_0.7948,0.016598942,0.018310586,-0.0017116442,0.0017116442
Train,randomness_0.9179,0.0030968145,0.005326442,-0.0022296275,0.0022296275
Train,randomness_0.3103,0.036130186,0.035143774,0.0009864122,0.0009864122
Train,randomness_0.7417,0.0095028775,0.0086889565,0.000813921,0.000813921
Train,randomness_0.9199,0.0051958743,0.003516338,0.0016795362,0.0016795362
Train,randomness_0.7778,0.011234816,0.0093412595,0.0018935567,0.0018935567
Train,randomness_0.9229,0.007471641,0.005196662,0.002274979,0.002274979
Train,randomness_0.7247,0.014562531,0.010635058,0.003927473,0.003927473
Train,randomness_0.8539,0.009120337,0.009284741,-0.00016440451,0.00016440451
Train,randomness_0.7858,0.010302223,0.009798573,0.00050364994,0.00050364994
Train,randomness_0.4865,0.032470934,0.028001929,0.0044690054,0.0044690054
Train,randomness_0.9730,0.002616159,0.0006261816,0.0019899774,0.0019899774
Train,randomness_0.6096,0.02364785,0.018909328,0.0047385227,0.0047385227
Train,randomness_0.3634,0.029255126,0.027885033,0.0013700929,0.0013700929
Train,randomness_0.8549,0.010157837,0.0075605526,0.002597284,0.002597284
Train,randomness_0.5415,0.024654219,0.027271198,-0.0026169792,0.0026169792
Train,randomness_0.5966,0.015054352,0.01759569,-0.002541338,0.002541338
Train,randomness_0.1882,0.037140373,0.033332326,0.0038080476,0.0038080476
Train,randomness_0.3263,0.033587534,0.030656178,0.0029313564,0.0029313564
Train,randomness_0.8809,0.01010871,0.014237882,-0.0041291714,0.0041291714
Train,randomness_0.7077,0.015995905,0.01596052,3.538467e-05,3.538467e-05
Train,randomness_0.7718,0.010265234,0.0077349315,0.0025303024,0.0025303024
Train,randomness_0.4735,0.02989491,0.031669796,-0.0017748848,0.0017748848
Train,randomness_0.9820,0.00886317,0.010853297,-0.0019901274,0.0019901274
Train,randomness_0.8579,0.011590038,0.008512607,0.0030774316,0.0030774316
Train,randomness_0.3273,0.035042018,0.03720338,-0.0021613613,0.0021613613
Train,randomness_0.8078,0.009029467,0.008068321,0.0009611454,0.0009611454
Train,randomness_0.7768,0.012544819,0.011341546,0.0012032734,0.0012032734
Train,randomness_0.4164,0.031198392,0.029394241,0.0018041506,0.0018041506
Train,randomness_0.7487,0.01271515,0.015532093,-0.0028169435,0.0028169435
Train,randomness_0.5105,0.031514443,0.03263349,-0.0011190474,0.0011190474
Train,randomness_0.9740,0.0040726713,0.0077831573,-0.003710486,0.003710486
Train,randomness_0.4585,0.028949758,0.027123732,0.0018260255,0.0018260255
Train,randomness_0.3544,0.032314785,0.032813776,-0.00049899146,0.00049899146
Train,randomness_0.7277,0.011852004,0.0094062975,0.0024457062,0.0024457062
Train,randomness_0.7327,0.016576411,0.0098584285,0.0067179827,0.0067179827
Train,randomness_0.3784,0.034868322,0.040600616,-0.005732294,0.005732294
Train,randomness_0.4765,0.031200524,0.03436919,-0.0031686649,0.0031686649
Train,randomness_0.4845,0.030774811,0.03116665,-0.00039183907,0.00039183907
Train,randomness_0.3163,0.034019485,0.036071017,-0.0020515323,0.0020515323
Train,randomness_0.9550,0.0047363504,0.0026448157,0.0020915347,0.0020915347
Train,randomness_0.8368,0.011360881,0.012306507,-0.0009456258,0.0009456258
Train,randomness_0.5726,0.027413322,0.025898816,0.0015145056,0.0015145056
Train,randomness_0.4474,0.034048147,0.035412077,-0.0013639294,0.0013639294
Train,randomness_0.6056,0.020991651,0.027576076,-0.0065844245,0.0065844245
Train,randomness_0.7397,0.012714093,0.009411943,0.0033021495,0.0033021495
Train,randomness_0.9880,0.0090275025,0.0018377596,0.0071897428,0.0071897428
Train,randomness_0.9499,0.008081199,0.009710257,-0.0016290583,0.0016290583
Train,randomness_0.9109,0.003516448,0.0036044952,-8.8047236e-05,8.8047236e-05
Train,randomness_0.7197,0.006244195,0.013670325,-0.00742613,0.00742613
Train,randomness_0.8679,0.010419652,0.008534789,0.0018848628,0.0018848628
Train,randomness_0.7457,0.018342955,0.012708277,0.0056346776,0.0056346776
Train,randomness_0.8609,0.0063167973,0.009953585,-0.003636788,0.003636788
Train,randomness_0.6567,0.017724905,0.013788493,0.003936412,0.003936412
Train,randomness_0.9590,0.0022108883,0.0001293657,0.0020815227,0.0020815227
Train,randomness_0.6777,0.015787063,0.0209408,-0.005153736,0.005153736
Train,randomness_0.1562,0.035845265,0.037202083,-0.0013568178,0.0013568178
Train,randomness_0.3383,0.03725127,0.036271732,0.000979539,0.000979539
Train,randomness_0.7988,0.013728309,0.011279803,0.0024485067,0.0024485067
Train,randomness_0.2482,0.03348026,0.032221925,0.001258336,0.001258336
Train,randomness_0.6246,0.019690894,0.015819512,0.0038713813,0.0038713813
Train,randomness_0.0901,0.039676715,0.043287065,-0.0036103502,0.0036103502
Train,randomness_0.6406,0.017280048,0.022962429,-0.005682381,0.005682381
Train,randomness_0.2593,0.03650904,0.03477654,0.0017325021,0.0017325021
Train,randomness_0.7548,0.013140955,0.007531706,0.005609249,0.005609249
Train,randomness_0.9780,0.002088777,3.2813837e-06,0.0020854957,0.0020854957
Train,randomness_0.8619,0.00869512,0.007796179,0.00089894095,0.00089894095
Train,randomness_0.9469,0.004340464,0.0010380516,0.003302412,0.003302412
Train,randomness_0.8338,0.005420783,0.006072176,-0.0006513931,0.0006513931
Train,randomness_0.1682,0.03660784,0.03742935,-0.0008215122,0.0008215122
Train,randomness_0.6637,0.01724736,0.018485403,-0.0012380425,0.0012380425
Train,randomness_0.3363,0.03458297,0.035556525,-0.0009735562,0.0009735562
Train,randomness_0.6747,0.017247673,0.02124318,-0.003995506,0.003995506
Train,randomness_0.7908,0.01361908,0.01349687,0.00012221001,0.00012221001
Train,randomness_0.5606,0.021747243,0.022545768,-0.0007985253,0.0007985253
Train,randomness_0.6537,0.016947921,0.017420119,-0.0004721973,0.0004721973
Train,randomness_0.8869,0.015914654,0.011185694,0.004728961,0.004728961
Train,randomness_0.2963,0.03865844,0.037908398,0.0007500425,0.0007500425
Train,randomness_0.4925,0.03000341,0.03036995,-0.00036654063,0.00036654063
Train,randomness_0.4975,0.030875493,0.02786655,0.003008943,0.003008943
Train,randomness_0.8629,0.0070265546,0.011523718,-0.0044971635,0.0044971635
Train,randomness_0.3083,0.0358201,0.036569,-0.00074889883,0.00074889883
Train,randomness_0.0090,0.03424309,0.03350377,0.0007393174,0.0007393174
Train,randomness_0.7427,0.014059147,0.01640326,-0.0023441128,0.0023441128
Train,randomness_0.9049,0.0053333337,0.0043772957,0.000956038,0.000956038
Train,randomness_0.7127,0.022137718,0.016785705,0.005352013,0.005352013
Train,randomness_0.8388,0.0049652453,0.0058113555,-0.0008461103,0.0008461103
Train,randomness_0.6466,0.02220414,0.022212138,-7.998198e-06,7.998198e-06
Train,randomness_0.8258,0.0019333226,0.006458636,-0.004525313,0.004525313
Train,randomness_0.7838,0.0149804605,0.014928508,5.19529e-05,5.19529e-05
Train,randomness_0.1732,0.036650263,0.034133572,0.0025166906,0.0025166906
Train,randomness_0.8278,0.014158455,0.016309096,-0.0021506408,0.0021506408
Train,randomness_0.6737,0.016212162,0.017718678,-0.0015065167,0.0015065167
Train,randomness_0.5065,0.030850833,0.028329778,0.0025210548,0.0025210548
Train,randomness_0.6026,0.024386989,0.022742216,0.0016447734,0.0016447734
Train,randomness_0.1131,0.038445335,0.03203881,0.0064065233,0.0064065233
Train,randomness_0.0851,0.037962083,0.034359317,0.0036027655,0.0036027655
Train,randomness_0.2903,0.034167044,0.0349053,-0.0007382557,0.0007382557
Train,randomness_0.2132,0.034886695,0.034500394,0.00038630143,0.00038630143
Train,randomness_0.0771,0.038070448,0.03789035,0.00018009916,0.00018009916
Train,randomness_0.8889,0.008912029,0.0046590674,0.0042529614,0.0042529614
Train,randomness_0.3233,0.03420488,0.03149619,0.002708692,0.002708692
Train,randomness_0.5896,0.025513852,0.025645152,-0.00013129972,0.00013129972
Train,randomness_0.4785,0.03016154,0.031583898,-0.0014223587,0.0014223587
Train,randomness_0.3854,0.03390741,0.032662984,0.0012444258,0.0012444258
Train,randomness_0.5185,0.024039023,0.025064433,-0.0010254104,0.0010254104
Train,randomness_0.7748,0.01052405,0.013958757,-0.0034347065,0.0034347065
Train,randomness_0.4915,0.02285647,0.019089347,0.0037671234,0.0037671234
Train,randomness_0.6927,0.019859679,0.021506973,-0.0016472936,0.0016472936
Train,randomness_0.5986,0.019766036,0.017450823,0.002315214,0.002315214
Train,randomness_0.2222,0.036742896,0.034326274,0.002416622,0.002416622
Train,randomness_0.1301,0.03467033,0.035582118,-0.00091178715,0.00091178715
Train,randomness_0.5716,0.026582362,0.030594194,-0.004011832,0.004011832
Train,randomness_0.7477,0.015529414,0.0174691,-0.001939687,0.001939687
Train,randomness_0.2072,0.03667597,0.035124067,0.0015519038,0.0015519038
Train,randomness_0.9770,0.006700223,0.0051515973,0.0015486255,0.0015486255
Train,randomness_0.6206,0.02105416,0.017315032,0.003739128,0.003739128
Train,randomness_0.1321,0.03986739,0.039618347,0.0002490431,0.0002490431
Train,randomness_0.0460,0.04069485,0.042774115,-0.0020792633,0.0020792633
Train,randomness_0.2452,0.036357347,0.036933165,-0.0005758181,0.0005758181
Train,randomness_0.1021,0.037550658,0.042016175,-0.0044655167,0.0044655167
Train,randomness_0.5926,0.017580783,0.019132951,-0.0015521683,0.0015521683
Train,randomness_0.4795,0.031700823,0.030860988,0.00083983503,0.00083983503
Train,randomness_0.2773,0.03759025,0.035752956,0.0018372945,0.0018372945
Train,randomness_0.8639,0.00598322,0.013099047,-0.0071158274,0.0071158274
Train,randomness_0.3073,0.036599755,0.037129235,-0.00052947924,0.00052947924
Train,randomness_0.8919,0.014140401,0.009553822,0.0045865793,0.0045865793
Train,randomness_0.1181,0.038718924,0.037275717,0.0014432073,0.0014432073
Train,randomness_0.4364,0.030110467,0.02990416,0.00020630658,0.00020630658
Train,randomness_0.8488,0.008131916,0.007811175,0.0003207405,0.0003207405
Train,randomness_0.8198,0.010832795,0.008868963,0.0019638315,0.0019638315
Train,randomness_0.8248,0.008851829,0.011158048,-0.0023062192,0.0023062192
Train,randomness_0.3924,0.028591687,0.029934125,-0.0013424382,0.0013424382
Train,randomness_0.8018,0.0120517025,0.0118892705,0.00016243197,0.00016243197
Train,randomness_0.3473,0.033712808,0.03509812,-0.0013853125,0.0013853125
Train,randomness_0.8268,0.0017910985,0.0017843967,6.7017972e-06,6.7017972e-06
Train,randomness_0.5616,0.027483223,0.024932988,0.002550235,0.002550235
Train,randomness_0.5556,0.018252136,0.018593466,-0.00034132972,0.00034132972
Train,randomness_0.9970,0.0011356095,0.00018382199,0.00095178746,0.00095178746
Train,randomness_0.3654,0.033318914,0.032037128,0.0012817867,0.0012817867
Train,randomness_0.2913,0.03867135,0.038072634,0.00059871376,0.00059871376
Train,randomness_0.2503,0.035377175,0.03548429,-0.000107117,0.000107117
Train,randomness_0.6557,0.015842354,0.022209985,-0.0063676313,0.0063676313
Train,randomness_0.8298,0.012248674,0.010121873,0.0021268018,0.0021268018
Train,randomness_0.5015,0.02812944,0.027297312,0.0008321274,0.0008321274
Train,randomness_0.8028,0.011325798,0.011549957,-0.0002241591,0.0002241591
Train,randomness_0.5766,0.02789435,0.028546482,-0.00065213256,0.00065213256
Train,randomness_0.8719,0.010268796,0.01595484,-0.0056860447,0.0056860447
Train,randomness_0.1812,0.041753598,0.041826997,-7.3399395e-05,7.3399395e-05
Train,randomness_0.6657,0.021000657,0.02289795,-0.0018972922,0.0018972922
Train,randomness_0.4895,0.028008437,0.03101628,-0.003007844,0.003007844
Train,randomness_0.0010,0.036440663,0.038999066,-0.0025584027,0.0025584027
Train,randomness_0.9399,-0.001673943,1.892574e-05,-0.0016928688,0.0016928688
Train,randomness_0.6617,0.020038256,0.017618585,0.002419671,0.002419671
Train,randomness_0.1512,0.041190363,0.04141844,-0.00022807717,0.00022807717
Train,randomness_0.2953,0.03318787,0.032521952,0.000665918,0.000665918
Train,randomness_0.0891,0.037284147,0.032995056,0.0042890906,0.0042890906
Train,randomness_0.8759,0.009715126,0.0139386635,-0.0042235376,0.0042235376
Train,randomness_0.6086,0.015313677,0.015653338,-0.00033966172,0.00033966172
Train,randomness_0.5275,0.029649425,0.02868556,0.00096386485,0.00096386485
Train,randomness_0.5546,0.02472859,0.026595632,-0.001867041,0.001867041
Train,randomness_0.4665,0.027614469,0.023746269,0.0038682,0.0038682
Train,randomness_0.1642,0.040115144,0.04411226,-0.0039971173,0.0039971173
Train,randomness_0.4384,0.03438161,0.033504736,0.00087687373,0.00087687373
Train,randomness_0.6647,0.01736155,0.017093651,0.00026789866,0.00026789866
Train,randomness_0.4454,0.032111797,0.036291406,-0.004179608,0.004179608
Train,randomness_0.8769,0.0052211243,0.003177862,0.0020432624,0.0020432624
Train,randomness_0.3373,0.035659995,0.035849154,-0.00018915907,0.00018915907
Train,randomness_0.0440,0.03546908,0.039567325,-0.004098244,0.004098244
Train,randomness_0.4144,0.031972107,0.034616537,-0.0026444308,0.0026444308
Train,randomness_0.7007,0.01380004,0.017422307,-0.0036222674,0.0036222674
Train,randomness_0.4875,0.02750802,0.025497958,0.0020100623,0.0020100623
Train,randomness_0.3694,0.03211147,0.036825266,-0.004713796,0.004713796
Train,randomness_0.2553,0.031842746,0.035332326,-0.00348958,0.00348958
Train,randomness_0.9409,0.011126047,0.00853832,0.0025877273,0.0025877273
Train,randomness_0.9930,-1.2321995e-05,0.00023802496,-0.00025034696,0.00025034696
Train,randomness_0.7467,0.0116898585,0.008584457,0.003105401,0.003105401
Train,randomness_0.9189,0.006634002,0.008847341,-0.0022133389,0.0022133389
Train,randomness_0.5846,0.027149906,0.025507586,0.0016423203,0.0016423203
Train,randomness_0.9810,0.0032022346,0.003771254,-0.00056901947,0.00056901947
Train,randomness_0.6046,0.0232237,0.022162732,0.0010609683,0.0010609683
Train,randomness_0.9319,0.009042984,0.012458427,-0.003415443,0.003415443
Train,randomness_0.3393,0.033402625,0.035527885,-0.0021252595,0.0021252595
Train,randomness_0.6667,0.023974298,0.028125076,-0.004150778,0.004150778
Train,randomness_0.6627,0.022372892,0.02130408,0.0010688119,0.0010688119
Train,randomness_0.7868,0.013517705,0.015421453,-0.0019037481,0.0019037481
Train,randomness_0.2793,0.038105812,0.03687933,0.001226481,0.001226481
Train,randomness_0.8829,0.0060062627,0.007759538,-0.0017532753,0.0017532753
Train,randomness_0.7998,0.0081597045,0.011927543,-0.0037678387,0.0037678387
Train,randomness_0.5756,0.022817058,0.026495595,-0.003678536,0.003678536
Train,randomness_0.7818,0.014955093,0.01562753,-0.0006724363,0.0006724363
Train,randomness_0.6106,0.009858771,0.007459074,0.0023996974,0.0023996974
Train,randomness_0.1241,0.03895771,0.03903866,-8.094683e-05,8.094683e-05
Train,randomness_0.5746,0.027754672,0.026582444,0.0011722278,0.0011722278
Train,randomness_0.6607,0.019634744,0.022588521,-0.002953777,0.002953777
Train,randomness_0.9570,0.0056377756,0.0071081812,-0.0014704056,0.0014704056
Train,randomness_0.8478,0.0036760021,0.0021939978,0.0014820043,0.0014820043
Train,randomness_0.3483,0.031415805,0.03125511,0.00016069412,0.00016069412
Train,randomness_0.0661,0.040218692,0.0420046,-0.0017859079,0.0017859079
Train,randomness_0.4124,0.02963259,0.0345299,-0.0048973076,0.0048973076
Train,randomness_0.5596,0.023869103,0.021137325,0.0027317777,0.0027317777
Train,randomness_0.2492,0.036992207,0.036076535,0.00091567263,0.00091567263
Train,randomness_0.3724,0.035796046,0.03614388,-0.00034783408,0.00034783408
Train,randomness_0.2813,0.038003933,0.034558404,0.0034455284,0.0034455284
Train,randomness_0.4855,0.02843973,0.025715606,0.0027241241,0.0027241241
Train,randomness_0.9059,0.010052138,0.006069831,0.003982307,0.003982307
Train,randomness_0.5135,0.02859794,0.026187923,0.002410017,0.002410017
Train,randomness_0.5916,0.025148556,0.023118509,0.0020300467,0.0020300467
Train,randomness_0.4424,0.029421857,0.030515099,-0.0010932423,0.0010932423
Train,randomness_0.8699,0.009370163,0.010762198,-0.0013920348,0.0013920348
Train,randomness_0.4064,0.033383362,0.033479054,-9.569153e-05,9.569153e-05
Train,randomness_0.7618,0.015331803,0.016724022,-0.0013922192,0.0013922192
Train,randomness_0.2092,0.038579945,0.03737315,0.0012067929,0.0012067929
Train,randomness_0.7638,0.020445757,0.016748141,0.0036976151,0.0036976151
Train,randomness_0.9720,0.008853174,0.011157773,-0.0023045996,0.0023045996
Train,randomness_0.1742,0.03150803,0.032138806,-0.00063077733,0.00063077733
Train,randomness_0.4725,0.031806886,0.03062331,0.0011835769,0.0011835769
Train,randomness_0.1592,0.038235668,0.037349682,0.0008859858,0.0008859858
Train,randomness_0.5586,0.02275197,0.018039014,0.004712956,0.004712956
Train,randomness_0.4294,0.032865703,0.03179383,0.001071874,0.001071874
Train,randomness_0.3053,0.036359087,0.033529125,0.0028299615,0.0028299615
Train,randomness_0.5666,0.02504253,0.027563022,-0.0025204923,0.0025204923
Train,randomness_0.1982,0.035466053,0.03518162,0.00028443336,0.00028443336
Train,randomness_0.7147,0.014155309,0.009255938,0.0048993705,0.0048993705
Train,randomness_0.0611,0.04022898,0.038379323,0.0018496588,0.0018496588
Train,randomness_0.8008,0.0083088875,0.007694769,0.0006141183,0.0006141183
Train,randomness_0.1411,0.037943926,0.034629937,0.0033139884,0.0033139884
Train,randomness_0.1822,0.037519608,0.040739216,-0.0032196082,0.0032196082
Train,randomness_0.3664,0.033159293,0.03406042,-0.0009011254,0.0009011254
Train,randomness_0.9610,0.008770441,0.0072962283,0.0014742124,0.0014742124
Train,randomness_0.5355,0.023503646,0.026906295,-0.0034026485,0.0034026485
Train,randomness_0.1772,0.03727463,0.036179017,0.0010956116,0.0010956116
Validation,randomness_0.1401,0.035672773,0.033773705,0.0018990673,0.0018990673
Validation,randomness_0.9279,0.0049295644,0.006614884,-0.0016853195,0.0016853195
Validation,randomness_0.3253,0.035446815,0.0380704,-0.0026235841,0.0026235841
Validation,randomness_0.6887,0.010076775,0.006810797,0.0032659783,0.0032659783
Validation,randomness_0.1011,0.036050297,0.03655985,-0.00050955266,0.00050955266
Validation,randomness_0.8318,0.0056994515,0.002885423,0.0028140286,0.0028140286
Validation,randomness_0.3964,0.032991495,0.030196235,0.0027952604,0.0027952604
Validation,randomness_0.1862,0.03585236,0.038292248,-0.0024398863,0.0024398863
Validation,randomness_0.1421,0.038037494,0.04147736,-0.003439866,0.003439866
Validation,randomness_0.1582,0.036456607,0.035863858,0.00059274957,0.00059274957
Validation,randomness_0.2232,0.037765905,0.03996189,-0.0021959841,0.0021959841
Validation,randomness_0.6336,0.021226136,0.016221903,0.0050042327,0.0050042327
Validation,randomness_0.9019,0.002885693,0.0025548313,0.00033086166,0.00033086166
Validation,randomness_0.1972,0.03857975,0.037218433,0.0013613179,0.0013613179
Validation,randomness_0.8118,0.012410276,0.0095633445,0.002846931,0.002846931
Validation,randomness_0.6907,0.013628731,0.015408996,-0.001780265,0.001780265
Validation,randomness_0.2573,0.03665691,0.0346052,0.0020517074,0.0020517074
Validation,randomness_0.5225,0.027758071,0.02950208,-0.0017440096,0.0017440096
Validation,randomness_0.5475,0.024304083,0.017456235,0.0068478473,0.0068478473
Validation,randomness_0.1351,0.038669117,0.038481593,0.00018752366,0.00018752366
Validation,randomness_0.3023,0.035992913,0.03310893,0.002883982,0.002883982
Validation,randomness_0.8418,0.0046984586,0.005706658,-0.0010081995,0.0010081995
Validation,randomness_0.7888,0.013807135,0.008784261,0.005022874,0.005022874
Validation,randomness_0.4324,0.03388502,0.03343658,0.00044843927,0.00044843927
Validation,randomness_0.6426,0.02204205,0.02300441,-0.0009623617,0.0009623617
Validation,randomness_0.4444,0.030014131,0.02937299,0.0006411411,0.0006411411
Validation,randomness_0.0831,0.03698192,0.038161602,-0.0011796802,0.0011796802
Validation,randomness_0.9379,0.0027688344,0.0029466741,-0.00017783977,0.00017783977
Validation,randomness_0.7588,0.016473185,0.016977778,-0.00050459243,0.00050459243
Validation,randomness_0.6226,0.020808578,0.0180038,0.0028047767,0.0028047767
Validation,randomness_0.3564,0.033524618,0.034856796,-0.0013321787,0.0013321787
Validation,randomness_0.8569,0.00683788,0.014047005,-0.0072091254,0.0072091254
Validation,randomness_0.3954,0.03454006,0.035446797,-0.00090673566,0.00090673566
Validation,randomness_0.6316,0.02385189,0.027249908,-0.003398018,0.003398018
Validation,randomness_0.7157,0.010014772,0.009111272,0.00090350024,0.00090350024
Validation,randomness_0.7758,0.0152854845,0.012415459,0.002870025,0.002870025
Validation,randomness_0.0721,0.03837259,0.037279543,0.0010930486,0.0010930486
Validation,randomness_0.6897,0.013104796,0.013839218,-0.0007344214,0.0007344214
Validation,randomness_0.5315,0.030639948,0.034170777,-0.0035308283,0.0035308283
Validation,randomness_0.3003,0.034914732,0.03971459,-0.0047998577,0.0047998577
Validation,randomness_0.1311,0.03577619,0.03604154,-0.0002653487,0.0002653487
Validation,randomness_0.3353,0.03500066,0.035521302,-0.00052064285,0.00052064285
Validation,randomness_0.4705,0.031352427,0.030098502,0.0012539253,0.0012539253
Validation,randomness_0.8448,0.0126622245,0.017604427,-0.004942203,0.004942203
Validation,randomness_0.7528,0.015652345,0.013247236,0.0024051098,0.0024051098
Validation,randomness_0.7257,0.014140974,0.011985138,0.0021558357,0.0021558357
Validation,randomness_0.3063,0.036471713,0.03630853,0.00016318262,0.00016318262
Validation,randomness_0.6196,0.02229641,0.025441924,-0.003145514,0.003145514
Validation,randomness_0.5946,0.022582404,0.023064217,-0.00048181228,0.00048181228
Validation,randomness_0.9329,0.0030744758,0.0009866798,0.002087796,0.002087796
Validation,randomness_0.5536,0.022376355,0.026719455,-0.0043431,0.0043431
Validation,randomness_0.4525,0.030720728,0.034101266,-0.003380539,0.003380539
Validation,randomness_0.6496,0.018230528,0.020623827,-0.0023932997,0.0023932997
Validation,randomness_0.3764,0.031359583,0.024265464,0.0070941187,0.0070941187
Validation,randomness_0.3433,0.029908037,0.02799425,0.0019137859,0.0019137859
Validation,randomness_0.3043,0.036439173,0.03455732,0.0018818527,0.0018818527
Validation,randomness_0.2202,0.034713116,0.03270137,0.0020117462,0.0020117462
Validation,randomness_0.4965,0.027834497,0.02248824,0.0053462572,0.0053462572
Validation,randomness_0.3994,0.035378266,0.036684237,-0.0013059713,0.0013059713
Validation,randomness_0.6436,0.01832314,0.020990307,-0.0026671663,0.0026671663
Validation,randomness_0.1071,0.039126165,0.03659015,0.0025360137,0.0025360137
Validation,randomness_0.4905,0.027063359,0.021619339,0.00544402,0.00544402
Validation,randomness_0.8398,0.01279541,0.0133343125,-0.00053890236,0.00053890236
Validation,randomness_0.5485,0.024796236,0.024540527,0.0002557095,0.0002557095
Validation,randomness_0.2993,0.035184328,0.037392993,-0.002208665,0.002208665
Validation,randomness_0.2883,0.032840088,0.029880624,0.0029594637,0.0029594637
Validation,randomness_0.7688,0.013310976,0.012559731,0.00075124577,0.00075124577
Validation,randomness_0.6166,0.02095064,0.022360941,-0.0014103018,0.0014103018
Validation,randomness_0.4274,0.0317397,0.030351814,0.0013878867,0.0013878867
Validation,randomness_0.5495,0.026146352,0.031713802,-0.00556745,0.00556745
Validation,randomness_0.7267,0.010607417,0.009155479,0.0014519375,0.0014519375
Validation,randomness_0.6837,0.010280223,0.0074113156,0.002868907,0.002868907
Validation,randomness_0.9269,0.0017785722,0.0053903586,-0.0036117863,0.0036117863
Validation,randomness_0.4134,0.028498003,0.02688532,0.0016126838,0.0016126838
Validation,randomness_0.2182,0.034443825,0.035613652,-0.0011698268,0.0011698268
Validation,randomness_0.9439,0.0032220066,0.0033308875,-0.00010888092,0.00010888092
Validation,randomness_0.4615,0.027964273,0.02693116,0.0010331143,0.0010331143
Validation,randomness_0.5936,0.023268357,0.023614623,-0.00034626573,0.00034626573
Validation,randomness_0.1271,0.03845635,0.041000128,-0.0025437772,0.0025437772
Validation,randomness_0.7648,0.016980687,0.014725374,0.002255313,0.002255313
Validation,randomness_0.6256,0.020028004,0.023851907,-0.0038239025,0.0038239025
Validation,randomness_0.2633,0.03655228,0.038123943,-0.0015716627,0.0015716627
Validation,randomness_0.6366,0.021194847,0.02110358,9.126775e-05,9.126775e-05
Validation,randomness_0.1341,0.039520267,0.036496677,0.003023591,0.003023591
Validation,randomness_0.9209,0.008056121,0.011481834,-0.0034257127,0.0034257127
Validation,randomness_0.8779,0.0046035717,0.0031209283,0.0014826434,0.0014826434
Validation,randomness_0.4815,0.03218195,0.02902901,0.0031529386,0.0031529386
Validation,randomness_0.5856,0.030872721,0.030889587,-1.6866252e-05,1.6866252e-05
Validation,randomness_0.3093,0.038488027,0.03826321,0.00022481754,0.00022481754
Validation,randomness_0.6757,0.016524345,0.015198504,0.0013258411,0.0013258411
Validation,randomness_0.4464,0.029072903,0.025669405,0.0034034979,0.0034034979
Validation,randomness_0.6456,0.016442489,0.0136541035,0.0027883854,0.0027883854
Validation,randomness_0.9009,0.010431486,0.009929617,0.00050186925,0.00050186925
Validation,randomness_0.9099,0.001569684,0.0010700015,0.0004996825,0.0004996825
Validation,randomness_0.8789,0.009141813,0.007612921,0.0015288922,0.0015288922
Validation,randomness_0.4985,0.02759247,0.02709799,0.00049448013,0.00049448013
Validation,randomness_0.1461,0.036352295,0.040095646,-0.0037433505,0.0037433505
Validation,randomness_0.2863,0.030806612,0.028810408,0.0019962043,0.0019962043
Validation,randomness_0.7317,0.0134004,0.012916167,0.0004842328,0.0004842328
Validation,randomness_0.8519,0.012614751,0.012309364,0.0003053872,0.0003053872
OOD_Holdout,randomness_0.0020,0.03402197,0.028625738,0.005396232,0.005396232
OOD_Holdout,randomness_0.0040,0.035982117,0.034637854,0.0013442636,0.0013442636
OOD_Holdout,randomness_0.0060,0.038140893,0.03455504,0.0035858527,0.0035858527
OOD_Holdout,randomness_0.0070,0.03832536,0.035398394,0.0029269643,0.0029269643
OOD_Holdout,randomness_0.0080,0.035457682,0.03308536,0.0023723207,0.0023723207
OOD_Holdout,randomness_0.0100,0.037182275,0.04051686,-0.0033345856,0.0033345856
OOD_Holdout,randomness_0.0110,0.037270427,0.035777286,0.001493141,0.001493141
OOD_Holdout,randomness_0.0120,0.036556713,0.039469842,-0.0029131286,0.0029131286
OOD_Holdout,randomness_0.0130,0.03808446,0.041595597,-0.0035111383,0.0035111383
OOD_Holdout,randomness_0.0140,0.036029518,0.034594215,0.0014353022,0.0014353022
OOD_Holdout,randomness_0.0150,0.034433674,0.029289348,0.005144326,0.005144326
OOD_Holdout,randomness_0.0170,0.041903105,0.038010452,0.0038926527,0.0038926527
OOD_Holdout,randomness_0.0180,0.04093897,0.036864102,0.004074868,0.004074868
OOD_Holdout,randomness_0.0190,0.03683767,0.03515306,0.0016846098,0.0016846098
OOD_Holdout,randomness_0.0210,0.03580908,0.031226473,0.004582608,0.004582608
OOD_Holdout,randomness_0.0220,0.04015954,0.040429927,-0.00027038902,0.00027038902
OOD_Holdout,randomness_0.0240,0.036916208,0.038791925,-0.0018757172,0.0018757172
OOD_Holdout,randomness_0.0270,0.034707952,0.031079885,0.0036280677,0.0036280677
OOD_Holdout,randomness_0.0290,0.03943077,0.03702653,0.0024042428,0.0024042428
OOD_Holdout,randomness_0.0300,0.039020915,0.04144977,-0.0024288557,0.0024288557
OOD_Holdout,randomness_0.0310,0.037711475,0.03968527,-0.0019737966,0.0019737966
OOD_Holdout,randomness_0.0320,0.034315035,0.032139774,0.0021752603,0.0021752603
OOD_Holdout,randomness_0.0330,0.038678136,0.037696347,0.0009817891,0.0009817891
OOD_Holdout,randomness_0.0340,0.03619499,0.037229683,-0.0010346919,0.0010346919
OOD_Holdout,randomness_0.0350,0.04002035,0.042989895,-0.0029695444,0.0029695444
OOD_Holdout,randomness_0.0360,0.039100543,0.037146557,0.0019539855,0.0019539855
OOD_Holdout,randomness_0.0370,0.03589596,0.03518785,0.0007081069,0.0007081069
OOD_Holdout,randomness_0.0380,0.037552364,0.041283906,-0.0037315413,0.0037315413
OOD_Holdout,randomness_0.0390,0.037737776,0.03908587,-0.0013480932,0.0013480932
OOD_Holdout,randomness_0.0400,0.03829543,0.03891544,-0.00062001124,0.00062001124
OOD_Holdout,randomness_0.0410,0.0372233,0.03833778,-0.0011144765,0.0011144765
OOD_Holdout,randomness_0.0450,0.036282185,0.035903566,0.00037861988,0.00037861988
OOD_Holdout,randomness_0.0470,0.03786429,0.03708748,0.0007768087,0.0007768087
OOD_Holdout,randomness_0.0480,0.038683616,0.035428546,0.0032550693,0.0032550693
OOD_Holdout,randomness_0.0490,0.04064644,0.041360408,-0.0007139668,0.0007139668
OOD_Holdout,randomness_0.0501,0.038706977,0.041263502,-0.0025565252,0.0025565252
OOD_Holdout,randomness_0.0511,0.0404296,0.039644647,0.0007849522,0.0007849522
OOD_Holdout,randomness_0.0531,0.03585539,0.035431713,0.00042367727,0.00042367727
OOD_Holdout,randomness_0.0541,0.036309224,0.037917305,-0.0016080812,0.0016080812
OOD_Holdout,randomness_0.0551,0.03847253,0.03732595,0.001146581,0.001146581
OOD_Holdout,randomness_0.0601,0.039405227,0.038523708,0.00088151917,0.00088151917
OOD_Holdout,randomness_0.0621,0.039287146,0.04147469,-0.0021875426,0.0021875426
OOD_Holdout,randomness_0.0631,0.036535848,0.03432429,0.0022115596,0.0022115596
OOD_Holdout,randomness_0.0641,0.039409097,0.04246858,-0.003059484,0.003059484
OOD_Holdout,randomness_0.0651,0.03528984,0.031873662,0.003416177,0.003416177
OOD_Holdout,randomness_0.0671,0.039022915,0.040008176,-0.000985261,0.000985261
OOD_Holdout,randomness_0.0681,0.03991104,0.042833354,-0.0029223152,0.0029223152
OOD_Holdout,randomness_0.0691,0.036198832,0.03496736,0.0012314729,0.0012314729
OOD_Holdout,randomness_0.0711,0.03665355,0.03589671,0.0007568374,0.0007568374
OOD_Holdout,randomness_0.0761,0.034145374,0.035666198,-0.0015208237,0.0015208237
OOD_Holdout,randomness_0.0801,0.03714925,0.03689506,0.00025419146,0.00025419146
OOD_Holdout,randomness_0.0811,0.037466805,0.036011834,0.0014549717,0.0014549717
OOD_Holdout,randomness_0.0821,0.037785016,0.03600315,0.001781866,0.001781866
OOD_Holdout,randomness_0.0871,0.037751857,0.038125943,-0.0003740862,0.0003740862
OOD_Holdout,randomness_0.0881,0.038435336,0.039409067,-0.0009737313,0.0009737313
OOD_Holdout,randomness_0.0941,0.039250463,0.038662937,0.0005875267,0.0005875267
OOD_Holdout,randomness_0.0951,0.03829512,0.039153006,-0.0008578859,0.0008578859
OOD_Holdout,randomness_0.0961,0.03570637,0.034422696,0.0012836754,0.0012836754
OOD_Holdout,randomness_0.0971,0.037741017,0.040830333,-0.0030893162,0.0030893162
OOD_Holdout,randomness_0.0981,0.038873892,0.035466794,0.0034070984,0.0034070984
OOD_Holdout,randomness_0.0991,0.03251677,0.035235655,-0.0027188845,0.0027188845
OOD_Holdout,randomness_0.1001,0.036253557,0.037224256,-0.0009706989,0.0009706989
OOD_Holdout,randomness_0.1051,0.035532884,0.03748087,-0.0019479841,0.0019479841
OOD_Holdout,randomness_0.1081,0.035870425,0.03938454,-0.0035141148,0.0035141148
OOD_Holdout,randomness_0.1091,0.036568776,0.039429054,-0.002860278,0.002860278
OOD_Holdout,randomness_0.1101,0.03736311,0.035725966,0.0016371422,0.0016371422
OOD_Holdout,randomness_0.1261,0.03576264,0.034633238,0.0011294037,0.0011294037
OOD_Holdout,randomness_0.1291,0.0373698,0.034699522,0.002670277,0.002670277
OOD_Holdout,randomness_0.1371,0.037908185,0.03955422,-0.0016460344,0.0016460344
OOD_Holdout,randomness_0.1391,0.03694282,0.038660873,-0.0017180517,0.0017180517
OOD_Holdout,randomness_0.1481,0.03571915,0.040518712,-0.0047995634,0.0047995634
OOD_Holdout,randomness_0.1572,0.03650958,0.035589494,0.0009200871,0.0009200871
OOD_Holdout,randomness_0.1632,0.039331637,0.038065277,0.0012663603,0.0012663603
OOD_Holdout,randomness_0.1692,0.03783849,0.034473833,0.0033646561,0.0033646561
OOD_Holdout,randomness_0.1722,0.038704026,0.033584192,0.005119834,0.005119834
OOD_Holdout,randomness_0.1792,0.039736554,0.041828092,-0.0020915382,0.0020915382
OOD_Holdout,randomness_0.1942,0.036366284,0.033753064,0.0026132204,0.0026132204
OOD_Holdout,randomness_0.2042,0.034547575,0.03551585,-0.0009682737,0.0009682737
OOD_Holdout,randomness_0.2052,0.037285,0.03803281,-0.00074781105,0.00074781105
OOD_Holdout,randomness_0.2142,0.036130637,0.033083044,0.003047593,0.003047593
OOD_Holdout,randomness_0.2152,0.033176053,0.03537636,-0.0022003055,0.0022003055
OOD_Holdout,randomness_0.2162,0.03747116,0.035659857,0.0018113032,0.0018113032
OOD_Holdout,randomness_0.2192,0.03749322,0.041104835,-0.003611613,0.003611613
OOD_Holdout,randomness_0.2212,0.035278607,0.031110685,0.004167922,0.004167922
OOD_Holdout,randomness_0.2262,0.037256323,0.039966468,-0.002710145,0.002710145
OOD_Holdout,randomness_0.2312,0.038279705,0.03829066,-1.0956079e-05,1.0956079e-05
OOD_Holdout,randomness_0.2322,0.034840077,0.036492784,-0.0016527064,0.0016527064
OOD_Holdout,randomness_0.2332,0.036921624,0.03456917,0.0023524538,0.0023524538
OOD_Holdout,randomness_0.2432,0.034855563,0.03529366,-0.00043809786,0.00043809786
OOD_Holdout,randomness_0.2663,0.03920236,0.040416744,-0.001214385,0.001214385
OOD_Holdout,randomness_0.2973,0.032565743,0.033350646,-0.00078490376,0.00078490376
OOD_Holdout,randomness_0.3143,0.036233693,0.037035722,-0.0008020289,0.0008020289
OOD_Holdout,randomness_0.3203,0.033576764,0.030145966,0.0034307986,0.0034307986
OOD_Holdout,randomness_0.3243,0.03749816,0.036476895,0.001021266,0.001021266
OOD_Holdout,randomness_0.3293,0.03533455,0.039368093,-0.004033543,0.004033543
OOD_Holdout,randomness_0.3323,0.03353808,0.03315417,0.0003839098,0.0003839098
OOD_Holdout,randomness_0.3834,0.03238987,0.035217386,-0.002827514,0.002827514
OOD_Holdout,randomness_0.4044,0.03398634,0.037516654,-0.0035303123,0.0035303123
OOD_Holdout,randomness_0.4094,0.033090886,0.034829408,-0.0017385222,0.0017385222
OOD_Holdout,randomness_0.4434,0.031600695,0.035816953,-0.0042162575,0.0042162575
Prediction,randomness_0.0061,0.040455524,0.039123736,0.0013317876,0.0013317876
Prediction,randomness_0.0153,0.038275704,0.0403894,-0.0021136962,0.0021136962
Prediction,randomness_0.0229,0.036292657,0.036630377,-0.00033771992,0.00033771992
Prediction,randomness_0.1000,0.03331951,0.036459442,-0.0031399317,0.0031399317
Prediction,randomness_0.1444,0.03544408,0.036582053,-0.0011379719,0.0011379719
Prediction,randomness_0.1889,0.037475917,0.03828356,-0.00080764294,0.00080764294
Prediction,randomness_0.2333,0.038049378,0.041121982,-0.0030726045,0.0030726045
Prediction,randomness_0.2778,0.032668363,0.029800966,0.002867397,0.002867397
Prediction,randomness_0.3222,0.039188787,0.042757716,-0.0035689287,0.0035689287
Prediction,randomness_0.3667,0.034579504,0.0373946,-0.0028150976,0.0028150976
Prediction,randomness_0.4111,0.03348002,0.034637824,-0.0011578053,0.0011578053
Prediction,randomness_0.4556,0.0315061,0.0376368,-0.006130703,0.006130703
Prediction,randomness_0.5000,0.02425245,0.027826449,-0.0035739988,0.0035739988
